"","tract","hhs","medhhinc","civpop","prophealth"
"2","Census Tract 101; Cook County; Illinois",2322,68196,4183,0.85
"3","Census Tract 102.01; Cook County; Illinois",3028,61071,8200,0.897
"4","Census Tract 102.02; Cook County; Illinois",1223,58698,2588,0.804
"5","Census Tract 103; Cook County; Illinois",3047,68336,5329,0.793
"6","Census Tract 104; Cook County; Illinois",2058,48630,4473,0.908
"7","Census Tract 105.01; Cook County; Illinois",2417,47858,3913,0.924
"8","Census Tract 105.02; Cook County; Illinois",1582,55813,3407,0.881
"9","Census Tract 105.03; Cook County; Illinois",1315,18750,2417,0.967
"10","Census Tract 106; Cook County; Illinois",2943,66313,6225,0.87
"11","Census Tract 107.01; Cook County; Illinois",1603,70542,3590,0.829
"12","Census Tract 107.02; Cook County; Illinois",1915,52193,5138,0.876
"13","Census Tract 201; Cook County; Illinois",1679,57029,3927,0.824
"14","Census Tract 202; Cook County; Illinois",1989,117005,7203,0.848
"15","Census Tract 203.01; Cook County; Illinois",2215,73539,5429,0.91
"16","Census Tract 203.02; Cook County; Illinois",1736,84205,4851,0.944
"17","Census Tract 204; Cook County; Illinois",1669,76607,4247,0.781
"18","Census Tract 205; Cook County; Illinois",2221,43948,6410,0.802
"19","Census Tract 206.01; Cook County; Illinois",2058,61046,5866,0.917
"20","Census Tract 206.02; Cook County; Illinois",1602,83839,5338,0.853
"21","Census Tract 207.01; Cook County; Illinois",764,92024,1727,0.95
"22","Census Tract 207.02; Cook County; Illinois",2483,68897,8260,0.949
"23","Census Tract 208.01; Cook County; Illinois",2175,71953,5990,0.829
"24","Census Tract 208.02; Cook County; Illinois",2131,62212,8708,0.816
"25","Census Tract 209.01; Cook County; Illinois",2197,50243,6179,0.765
"26","Census Tract 209.02; Cook County; Illinois",1597,49432,4069,0.884
"27","Census Tract 301.01; Cook County; Illinois",2047,50696,3517,0.912
"28","Census Tract 301.02; Cook County; Illinois",1878,55067,3034,0.916
"29","Census Tract 301.03; Cook County; Illinois",1030,53684,2297,0.906
"30","Census Tract 301.04; Cook County; Illinois",991,45865,3106,0.919
"31","Census Tract 302; Cook County; Illinois",2575,91406,5546,0.85
"32","Census Tract 303; Cook County; Illinois",1490,64662,3609,0.868
"33","Census Tract 304; Cook County; Illinois",1278,97143,2822,0.883
"34","Census Tract 305; Cook County; Illinois",2983,109375,6206,0.9
"35","Census Tract 306.01; Cook County; Illinois",1883,51808,3582,0.934
"36","Census Tract 306.03; Cook County; Illinois",1360,54300,2305,0.897
"37","Census Tract 306.04; Cook County; Illinois",2109,49816,2921,0.954
"38","Census Tract 307.01; Cook County; Illinois",877,47614,1346,0.907
"39","Census Tract 307.02; Cook County; Illinois",1514,69050,2266,0.932
"40","Census Tract 307.03; Cook County; Illinois",1914,56667,3093,0.949
"41","Census Tract 307.06; Cook County; Illinois",1882,54143,2588,0.982
"42","Census Tract 308; Cook County; Illinois",2167,96069,4089,0.959
"43","Census Tract 309; Cook County; Illinois",1481,102309,3076,0.957
"44","Census Tract 310; Cook County; Illinois",1984,121026,3639,0.923
"45","Census Tract 311; Cook County; Illinois",2861,79010,4816,0.939
"46","Census Tract 312; Cook County; Illinois",3457,24389,5658,0.841
"47","Census Tract 313; Cook County; Illinois",4502,64598,6435,0.878
"48","Census Tract 314; Cook County; Illinois",3087,82526,4537,0.949
"49","Census Tract 315.01; Cook County; Illinois",1996,48889,4607,0.924
"50","Census Tract 315.02; Cook County; Illinois",2445,47188,4620,0.831
"51","Census Tract 317; Cook County; Illinois",3107,84766,6012,0.94
"52","Census Tract 318; Cook County; Illinois",1041,80873,2114,0.923
"53","Census Tract 319; Cook County; Illinois",1338,93864,2417,0.961
"54","Census Tract 321; Cook County; Illinois",4207,69313,7135,0.901
"55","Census Tract 401; Cook County; Illinois",1875,93576,3874,0.955
"56","Census Tract 402.01; Cook County; Illinois",3012,99624,6682,0.945
"57","Census Tract 402.02; Cook County; Illinois",2908,58293,7804,0.768
"58","Census Tract 403; Cook County; Illinois",1149,86979,2988,0.863
"59","Census Tract 404.01; Cook County; Illinois",1469,107083,3431,0.938
"60","Census Tract 404.02; Cook County; Illinois",2533,94132,4556,0.933
"61","Census Tract 406; Cook County; Illinois",1283,97596,2785,0.917
"62","Census Tract 407; Cook County; Illinois",1676,105400,3749,0.958
"63","Census Tract 408; Cook County; Illinois",768,105500,1551,0.961
"64","Census Tract 409; Cook County; Illinois",1167,79803,2006,0.87
"65","Census Tract 501; Cook County; Illinois",1160,123929,2513,0.959
"66","Census Tract 502; Cook County; Illinois",2061,138546,5546,0.976
"67","Census Tract 503; Cook County; Illinois",1086,163625,2829,0.965
"68","Census Tract 505; Cook County; Illinois",1996,142548,5199,0.971
"69","Census Tract 506; Cook County; Illinois",1151,109188,2232,0.985
"70","Census Tract 507; Cook County; Illinois",671,125438,1456,0.927
"71","Census Tract 508; Cook County; Illinois",513,172888,1398,0.989
"72","Census Tract 509; Cook County; Illinois",608,130769,1388,0.972
"73","Census Tract 510; Cook County; Illinois",718,180500,1707,0.989
"74","Census Tract 511; Cook County; Illinois",727,159145,1905,0.973
"75","Census Tract 512; Cook County; Illinois",637,166771,1523,0.96
"76","Census Tract 513; Cook County; Illinois",1072,218403,3077,0.997
"77","Census Tract 514; Cook County; Illinois",1029,154044,2527,0.939
"78","Census Tract 601; Cook County; Illinois",1273,135272,3178,0.977
"79","Census Tract 602; Cook County; Illinois",1140,89167,2147,0.959
"80","Census Tract 603; Cook County; Illinois",1181,140125,2821,0.991
"81","Census Tract 604; Cook County; Illinois",1613,162011,3691,0.985
"82","Census Tract 605; Cook County; Illinois",695,54250,1287,0.971
"83","Census Tract 608; Cook County; Illinois",3598,81156,5319,0.947
"84","Census Tract 609; Cook County; Illinois",4795,83601,6943,0.939
"85","Census Tract 610; Cook County; Illinois",1109,127872,2324,0.988
"86","Census Tract 611; Cook County; Illinois",724,108158,1436,0.929
"87","Census Tract 612; Cook County; Illinois",869,109479,2052,0.967
"88","Census Tract 615; Cook County; Illinois",894,133000,2023,0.972
"89","Census Tract 618; Cook County; Illinois",735,69250,1204,0.904
"90","Census Tract 619.01; Cook County; Illinois",2593,61563,3517,0.979
"91","Census Tract 619.02; Cook County; Illinois",2916,86805,4938,0.919
"92","Census Tract 620; Cook County; Illinois",1644,110250,2890,0.982
"93","Census Tract 621; Cook County; Illinois",2009,99212,3634,0.942
"94","Census Tract 622; Cook County; Illinois",1274,198333,3152,0.976
"95","Census Tract 623; Cook County; Illinois",609,227750,1609,0.981
"96","Census Tract 624; Cook County; Illinois",762,162500,1799,0.987
"97","Census Tract 625; Cook County; Illinois",681,145903,1420,0.968
"98","Census Tract 626; Cook County; Illinois",934,195357,2371,0.972
"99","Census Tract 627; Cook County; Illinois",1331,151080,3046,0.978
"100","Census Tract 628; Cook County; Illinois",1504,166538,3682,0.974
"101","Census Tract 629; Cook County; Illinois",1901,159088,4138,0.987
"102","Census Tract 630; Cook County; Illinois",1836,104052,3273,0.978
"103","Census Tract 631; Cook County; Illinois",1386,99483,2352,0.94
"104","Census Tract 632; Cook County; Illinois",4413,81020,6310,1
"105","Census Tract 633.01; Cook County; Illinois",2032,66447,2992,0.959
"106","Census Tract 633.02; Cook County; Illinois",2769,94173,4102,0.951
"107","Census Tract 633.03; Cook County; Illinois",866,102500,1192,1
"108","Census Tract 634; Cook County; Illinois",1334,95833,2435,0.899
"109","Census Tract 701.01; Cook County; Illinois",2689,93523,4583,0.984
"110","Census Tract 701.02; Cook County; Illinois",1902,92641,2907,0.966
"111","Census Tract 701.03; Cook County; Illinois",1129,78125,1439,0.978
"112","Census Tract 702; Cook County; Illinois",2107,108083,3883,0.976
"113","Census Tract 703; Cook County; Illinois",1667,191051,3818,0.959
"114","Census Tract 704; Cook County; Illinois",1457,243795,3421,0.993
"115","Census Tract 705; Cook County; Illinois",1266,186757,2947,1
"116","Census Tract 706; Cook County; Illinois",1201,NA,3194,0.98
"117","Census Tract 707; Cook County; Illinois",1692,160000,3741,0.981
"118","Census Tract 710; Cook County; Illinois",996,202115,4525,0.971
"119","Census Tract 711; Cook County; Illinois",1091,206304,3186,0.97
"120","Census Tract 712; Cook County; Illinois",1118,125581,2386,0.977
"121","Census Tract 713; Cook County; Illinois",2152,118878,4129,0.985
"122","Census Tract 714; Cook County; Illinois",2951,118295,4763,0.993
"123","Census Tract 715; Cook County; Illinois",3678,115993,5991,0.965
"124","Census Tract 716; Cook County; Illinois",742,230313,1903,0.997
"125","Census Tract 717; Cook County; Illinois",585,149625,1485,0.978
"126","Census Tract 718; Cook County; Illinois",1083,211964,2726,0.972
"127","Census Tract 801; Cook County; Illinois",4209,114681,6607,0.985
"128","Census Tract 802.01; Cook County; Illinois",2330,112708,3236,0.977
"129","Census Tract 802.02; Cook County; Illinois",2649,103948,3800,0.938
"130","Census Tract 803; Cook County; Illinois",3063,157112,5836,0.971
"131","Census Tract 804; Cook County; Illinois",2110,NA,4888,0.993
"132","Census Tract 810; Cook County; Illinois",5052,79556,7953,0.956
"133","Census Tract 811; Cook County; Illinois",2999,82039,4455,0.964
"134","Census Tract 812.01; Cook County; Illinois",2881,128955,4428,0.976
"135","Census Tract 812.02; Cook County; Illinois",2038,177619,3437,0.982
"136","Census Tract 813; Cook County; Illinois",3783,116424,6014,0.974
"137","Census Tract 814.01; Cook County; Illinois",1452,74432,2171,0.983
"138","Census Tract 814.02; Cook County; Illinois",3462,159026,5942,0.976
"139","Census Tract 814.03; Cook County; Illinois",6371,114052,8987,0.991
"140","Census Tract 815; Cook County; Illinois",3365,151626,4906,0.982
"141","Census Tract 816; Cook County; Illinois",2521,157623,3725,0.986
"142","Census Tract 817; Cook County; Illinois",3535,132903,5217,0.969
"143","Census Tract 818; Cook County; Illinois",7384,164091,12189,0.987
"144","Census Tract 819; Cook County; Illinois",635,195083,1111,0.981
"145","Census Tract 901; Cook County; Illinois",1386,124667,3526,0.977
"146","Census Tract 902; Cook County; Illinois",2619,119421,6505,0.981
"147","Census Tract 903; Cook County; Illinois",510,107639,1371,0.984
"148","Census Tract 1001; Cook County; Illinois",2145,109111,5890,0.981
"149","Census Tract 1002; Cook County; Illinois",2851,107850,7369,0.97
"150","Census Tract 1003; Cook County; Illinois",2659,83271,6200,0.937
"151","Census Tract 1004; Cook County; Illinois",1276,143137,3325,0.989
"152","Census Tract 1005; Cook County; Illinois",2357,109564,5814,0.955
"153","Census Tract 1006; Cook County; Illinois",1870,84000,4914,0.943
"154","Census Tract 1007; Cook County; Illinois",1885,117240,5372,0.956
"155","Census Tract 1101; Cook County; Illinois",2252,96514,5776,0.919
"156","Census Tract 1102; Cook County; Illinois",1302,68824,2821,0.951
"157","Census Tract 1103; Cook County; Illinois",1774,115833,5304,0.954
"158","Census Tract 1104; Cook County; Illinois",1925,81250,4501,0.878
"159","Census Tract 1105.01; Cook County; Illinois",1939,101220,5092,0.942
"160","Census Tract 1105.02; Cook County; Illinois",1549,71440,3533,0.879
"161","Census Tract 1201; Cook County; Illinois",1491,160461,4397,0.934
"162","Census Tract 1202; Cook County; Illinois",1746,149306,4573,0.953
"163","Census Tract 1203; Cook County; Illinois",2542,140988,7038,0.944
"164","Census Tract 1204; Cook County; Illinois",1254,111750,3836,0.906
"165","Census Tract 1301; Cook County; Illinois",1752,58068,4692,0.949
"166","Census Tract 1302; Cook County; Illinois",711,104107,1545,0.951
"167","Census Tract 1303; Cook County; Illinois",1792,66154,5040,0.852
"168","Census Tract 1401; Cook County; Illinois",1195,86795,3520,0.882
"169","Census Tract 1402; Cook County; Illinois",1953,72629,6472,0.847
"170","Census Tract 1403.01; Cook County; Illinois",905,69712,2908,0.692
"171","Census Tract 1403.02; Cook County; Illinois",1323,62478,2981,0.853
"172","Census Tract 1404; Cook County; Illinois",2100,93036,5911,0.946
"173","Census Tract 1405; Cook County; Illinois",1322,73273,3171,0.818
"174","Census Tract 1406.01; Cook County; Illinois",826,87045,2762,0.778
"175","Census Tract 1406.02; Cook County; Illinois",1723,59962,4703,0.757
"176","Census Tract 1407.01; Cook County; Illinois",1087,92212,2990,0.696
"177","Census Tract 1407.02; Cook County; Illinois",2106,73571,5572,0.775
"178","Census Tract 1408; Cook County; Illinois",2538,97722,6212,0.779
"179","Census Tract 1502; Cook County; Illinois",2684,91038,7263,0.88
"180","Census Tract 1503; Cook County; Illinois",3077,86290,7272,0.961
"181","Census Tract 1504.01; Cook County; Illinois",1824,77908,5146,0.888
"182","Census Tract 1504.02; Cook County; Illinois",1348,97986,3945,0.899
"183","Census Tract 1505.01; Cook County; Illinois",1496,122434,3854,0.951
"184","Census Tract 1505.02; Cook County; Illinois",1536,72500,3953,0.863
"185","Census Tract 1506; Cook County; Illinois",1432,81923,4223,0.91
"186","Census Tract 1507; Cook County; Illinois",1382,100862,4453,0.872
"187","Census Tract 1508; Cook County; Illinois",1618,85714,4668,0.763
"188","Census Tract 1510.01; Cook County; Illinois",886,93879,2816,0.83
"189","Census Tract 1510.02; Cook County; Illinois",1572,75893,4892,0.736
"190","Census Tract 1511; Cook County; Illinois",1855,77521,5447,0.775
"191","Census Tract 1512; Cook County; Illinois",1334,88939,4056,0.841
"192","Census Tract 1601; Cook County; Illinois",1024,107137,2757,0.944
"193","Census Tract 1602; Cook County; Illinois",1276,124364,3327,0.977
"194","Census Tract 1603; Cook County; Illinois",1883,77721,3606,0.927
"195","Census Tract 1604; Cook County; Illinois",2101,72325,5171,0.845
"196","Census Tract 1605.01; Cook County; Illinois",1312,73946,3270,0.851
"197","Census Tract 1605.02; Cook County; Illinois",1542,100147,4012,0.836
"198","Census Tract 1606.01; Cook County; Illinois",1488,83333,3003,0.959
"199","Census Tract 1606.02; Cook County; Illinois",1576,84955,3757,0.928
"200","Census Tract 1607; Cook County; Illinois",2460,92614,6099,0.936
"201","Census Tract 1608; Cook County; Illinois",1863,82691,5236,0.81
"202","Census Tract 1609; Cook County; Illinois",1089,114861,2420,0.949
"203","Census Tract 1610; Cook County; Illinois",800,102159,1986,0.9
"204","Census Tract 1611; Cook County; Illinois",758,158393,2024,0.984
"205","Census Tract 1612; Cook County; Illinois",1097,70391,2873,0.885
"206","Census Tract 1613; Cook County; Illinois",1557,53969,3725,0.865
"207","Census Tract 1701; Cook County; Illinois",1146,46571,1935,0.937
"208","Census Tract 1702; Cook County; Illinois",1216,105855,3752,0.944
"209","Census Tract 1703; Cook County; Illinois",1821,85774,4977,0.898
"210","Census Tract 1704; Cook County; Illinois",1666,103016,3989,0.897
"211","Census Tract 1705; Cook County; Illinois",2066,87786,5161,0.951
"212","Census Tract 1706; Cook County; Illinois",948,76346,2490,0.89
"213","Census Tract 1707; Cook County; Illinois",1167,82868,3260,0.93
"214","Census Tract 1708; Cook County; Illinois",1461,64769,4009,0.874
"215","Census Tract 1709; Cook County; Illinois",652,68500,1970,0.705
"216","Census Tract 1710; Cook County; Illinois",2751,81950,6829,0.928
"217","Census Tract 1711; Cook County; Illinois",1305,92383,4103,0.894
"218","Census Tract 1801; Cook County; Illinois",2198,83920,6450,0.934
"219","Census Tract 1901; Cook County; Illinois",808,61250,2338,0.835
"220","Census Tract 1902; Cook County; Illinois",1599,80576,5858,0.786
"221","Census Tract 1903; Cook County; Illinois",2008,69309,5289,0.856
"222","Census Tract 1904.01; Cook County; Illinois",1278,92639,4119,0.854
"223","Census Tract 1904.02; Cook County; Illinois",1783,56523,4896,0.862
"224","Census Tract 1906.01; Cook County; Illinois",998,71176,3986,0.808
"225","Census Tract 1906.02; Cook County; Illinois",1587,61308,5331,0.868
"226","Census Tract 1907.01; Cook County; Illinois",866,64063,2835,0.871
"227","Census Tract 1907.02; Cook County; Illinois",1505,50457,4707,0.794
"228","Census Tract 1908; Cook County; Illinois",1974,52404,6049,0.794
"229","Census Tract 1909; Cook County; Illinois",616,61500,1869,0.886
"230","Census Tract 1910; Cook County; Illinois",766,63611,2556,0.83
"231","Census Tract 1911; Cook County; Illinois",1950,50513,6651,0.838
"232","Census Tract 1912; Cook County; Illinois",1099,57292,3775,0.77
"233","Census Tract 1913.01; Cook County; Illinois",1617,55759,5211,0.83
"234","Census Tract 1913.02; Cook County; Illinois",1207,55072,4439,0.831
"235","Census Tract 2001; Cook County; Illinois",1298,68393,3666,0.911
"236","Census Tract 2002; Cook County; Illinois",1638,64583,4435,0.804
"237","Census Tract 2003; Cook County; Illinois",693,50515,1866,0.794
"238","Census Tract 2004.01; Cook County; Illinois",957,70046,3395,0.838
"239","Census Tract 2004.02; Cook County; Illinois",1319,77288,5072,0.826
"240","Census Tract 2101; Cook County; Illinois",1714,107717,4194,0.897
"241","Census Tract 2104; Cook County; Illinois",856,63077,2426,0.824
"242","Census Tract 2105.01; Cook County; Illinois",1450,61678,2866,0.827
"243","Census Tract 2105.02; Cook County; Illinois",1528,74855,4412,0.817
"244","Census Tract 2106.01; Cook County; Illinois",1110,93547,2817,0.917
"245","Census Tract 2106.02; Cook County; Illinois",1643,102625,4362,0.902
"246","Census Tract 2107; Cook County; Illinois",1470,93026,3724,0.867
"247","Census Tract 2108; Cook County; Illinois",440,96579,1132,0.79
"248","Census Tract 2109; Cook County; Illinois",1487,109844,3174,0.946
"249","Census Tract 2203; Cook County; Illinois",897,100461,1974,0.967
"250","Census Tract 2204; Cook County; Illinois",1199,114803,2670,0.981
"251","Census Tract 2205; Cook County; Illinois",1331,94867,2810,0.979
"252","Census Tract 2206.01; Cook County; Illinois",738,120427,1538,0.973
"253","Census Tract 2206.02; Cook County; Illinois",2587,61875,4311,0.95
"254","Census Tract 2207.01; Cook County; Illinois",1167,75625,3077,0.863
"255","Census Tract 2207.02; Cook County; Illinois",1645,79969,3937,0.879
"256","Census Tract 2209.01; Cook County; Illinois",1077,62917,3090,0.86
"257","Census Tract 2209.02; Cook County; Illinois",994,73239,3194,0.919
"258","Census Tract 2210; Cook County; Illinois",1079,82102,2571,0.777
"259","Census Tract 2211; Cook County; Illinois",1979,87478,4278,0.903
"260","Census Tract 2212; Cook County; Illinois",1250,128243,2865,0.961
"261","Census Tract 2213; Cook County; Illinois",1460,81264,3011,0.878
"262","Census Tract 2214; Cook County; Illinois",1515,104583,3083,0.932
"263","Census Tract 2215; Cook County; Illinois",1344,62500,2767,0.92
"264","Census Tract 2216; Cook County; Illinois",1423,135236,3389,0.975
"265","Census Tract 2222; Cook County; Illinois",1001,184727,2243,0.934
"266","Census Tract 2225; Cook County; Illinois",563,147582,1468,0.958
"267","Census Tract 2226; Cook County; Illinois",767,90313,1608,0.877
"268","Census Tract 2227; Cook County; Illinois",812,80391,2198,0.838
"269","Census Tract 2228; Cook County; Illinois",452,84239,1052,0.896
"270","Census Tract 2229; Cook County; Illinois",375,100847,986,0.929
"271","Census Tract 2301; Cook County; Illinois",624,90833,1636,0.889
"272","Census Tract 2302; Cook County; Illinois",680,72083,1977,0.943
"273","Census Tract 2303; Cook County; Illinois",252,58696,905,0.872
"274","Census Tract 2304; Cook County; Illinois",739,51495,2116,0.914
"275","Census Tract 2305; Cook County; Illinois",1258,28413,3080,0.822
"276","Census Tract 2306; Cook County; Illinois",2037,55304,8977,0.708
"277","Census Tract 2307; Cook County; Illinois",2005,32576,5773,0.788
"278","Census Tract 2308; Cook County; Illinois",362,68485,1029,0.832
"279","Census Tract 2309; Cook County; Illinois",2024,70926,4903,0.877
"280","Census Tract 2311; Cook County; Illinois",418,60333,1362,0.782
"281","Census Tract 2312; Cook County; Illinois",2078,39917,5957,0.905
"282","Census Tract 2315; Cook County; Illinois",2220,37237,5809,0.829
"283","Census Tract 2402; Cook County; Illinois",811,166458,1966,0.957
"284","Census Tract 2403; Cook County; Illinois",607,161125,1270,0.99
"285","Census Tract 2405; Cook County; Illinois",1322,171962,2515,1
"286","Census Tract 2406; Cook County; Illinois",713,157938,1639,0.936
"287","Census Tract 2407; Cook County; Illinois",717,102102,1634,0.946
"288","Census Tract 2408; Cook County; Illinois",654,130278,1474,0.961
"289","Census Tract 2409; Cook County; Illinois",536,76429,1093,0.938
"290","Census Tract 2410; Cook County; Illinois",826,90185,1638,0.881
"291","Census Tract 2411; Cook County; Illinois",1544,92927,3650,0.93
"292","Census Tract 2412; Cook County; Illinois",869,131875,1698,0.984
"293","Census Tract 2413; Cook County; Illinois",767,167292,1750,1
"294","Census Tract 2414; Cook County; Illinois",2480,178434,5584,0.975
"295","Census Tract 2415; Cook County; Illinois",1295,173393,2823,0.959
"296","Census Tract 2416; Cook County; Illinois",1702,111458,3397,0.949
"297","Census Tract 2420; Cook County; Illinois",2232,145583,4378,0.989
"298","Census Tract 2421; Cook County; Illinois",2000,179015,3817,0.953
"299","Census Tract 2422; Cook County; Illinois",1911,164025,4014,0.972
"300","Census Tract 2423; Cook County; Illinois",1724,104397,3805,0.962
"301","Census Tract 2424; Cook County; Illinois",1492,103095,2705,0.936
"302","Census Tract 2425; Cook County; Illinois",1537,81875,3255,0.855
"303","Census Tract 2426; Cook County; Illinois",2596,79583,5512,0.945
"304","Census Tract 2427; Cook County; Illinois",795,61964,1837,0.949
"305","Census Tract 2428; Cook County; Illinois",670,139500,1450,0.968
"306","Census Tract 2429; Cook County; Illinois",851,143750,2032,0.967
"307","Census Tract 2430; Cook County; Illinois",1059,113125,2223,0.927
"308","Census Tract 2431; Cook County; Illinois",947,114464,2159,0.971
"309","Census Tract 2432; Cook County; Illinois",1069,136094,2316,0.951
"310","Census Tract 2433; Cook County; Illinois",1317,128375,2285,0.884
"311","Census Tract 2434; Cook County; Illinois",1424,124773,2931,0.952
"312","Census Tract 2435; Cook County; Illinois",2315,160370,4567,0.957
"313","Census Tract 2502; Cook County; Illinois",901,49327,3051,0.846
"314","Census Tract 2503; Cook County; Illinois",1604,47550,4844,0.866
"315","Census Tract 2504; Cook County; Illinois",2030,46709,5513,0.928
"316","Census Tract 2505; Cook County; Illinois",2805,119514,6903,0.933
"317","Census Tract 2506; Cook County; Illinois",1290,65486,4542,0.936
"318","Census Tract 2507; Cook County; Illinois",2239,44624,6466,0.874
"319","Census Tract 2508; Cook County; Illinois",787,63047,2693,0.891
"320","Census Tract 2510; Cook County; Illinois",426,31690,1380,0.842
"321","Census Tract 2511; Cook County; Illinois",1754,38350,4544,0.944
"322","Census Tract 2512; Cook County; Illinois",1200,46483,3840,0.74
"323","Census Tract 2513; Cook County; Illinois",1498,38920,4915,0.925
"324","Census Tract 2514; Cook County; Illinois",2130,22029,3712,0.946
"325","Census Tract 2515; Cook County; Illinois",1357,40077,4324,0.861
"326","Census Tract 2516; Cook County; Illinois",1240,35417,4456,0.885
"327","Census Tract 2517; Cook County; Illinois",422,52763,1291,0.894
"328","Census Tract 2518; Cook County; Illinois",1740,30341,5399,0.92
"329","Census Tract 2519; Cook County; Illinois",2344,26300,5086,0.877
"330","Census Tract 2520; Cook County; Illinois",2584,29596,6167,0.954
"331","Census Tract 2521.01; Cook County; Illinois",683,35574,1492,0.859
"332","Census Tract 2521.02; Cook County; Illinois",2203,47255,7020,0.79
"333","Census Tract 2522.01; Cook County; Illinois",1063,47979,2865,0.955
"334","Census Tract 2522.02; Cook County; Illinois",1828,41167,4945,0.907
"335","Census Tract 2601; Cook County; Illinois",592,18906,1016,0.867
"336","Census Tract 2602; Cook County; Illinois",372,45857,1232,0.927
"337","Census Tract 2603; Cook County; Illinois",574,20739,1878,0.889
"338","Census Tract 2604; Cook County; Illinois",455,NA,939,0.957
"339","Census Tract 2605; Cook County; Illinois",623,39102,1767,0.938
"340","Census Tract 2606; Cook County; Illinois",691,47708,2398,0.905
"341","Census Tract 2607; Cook County; Illinois",555,42917,1524,0.934
"342","Census Tract 2608; Cook County; Illinois",673,39696,2001,0.837
"343","Census Tract 2609; Cook County; Illinois",426,19417,1245,0.876
"344","Census Tract 2610; Cook County; Illinois",949,45086,2268,0.974
"345","Census Tract 2705; Cook County; Illinois",625,19717,1380,0.972
"346","Census Tract 2712; Cook County; Illinois",393,32401,1384,0.908
"347","Census Tract 2713; Cook County; Illinois",360,23900,964,0.951
"348","Census Tract 2714; Cook County; Illinois",515,40670,1359,0.854
"349","Census Tract 2715; Cook County; Illinois",528,42171,1470,0.897
"350","Census Tract 2718; Cook County; Illinois",236,58167,656,0.915
"351","Census Tract 2801; Cook County; Illinois",5289,136378,7718,0.973
"352","Census Tract 2804; Cook County; Illinois",544,44414,1423,0.955
"353","Census Tract 2808; Cook County; Illinois",387,21103,839,0.969
"354","Census Tract 2809; Cook County; Illinois",379,47784,1122,0.806
"355","Census Tract 2819; Cook County; Illinois",4133,135243,6749,0.989
"356","Census Tract 2827; Cook County; Illinois",957,79330,2243,0.941
"357","Census Tract 2828; Cook County; Illinois",562,81286,1498,0.865
"358","Census Tract 2831; Cook County; Illinois",1353,44129,2729,0.898
"359","Census Tract 2832; Cook County; Illinois",778,57055,1727,0.991
"360","Census Tract 2838; Cook County; Illinois",1631,77422,3504,0.94
"361","Census Tract 2909; Cook County; Illinois",1388,34349,4241,0.928
"362","Census Tract 2912; Cook County; Illinois",659,24120,1312,0.891
"363","Census Tract 2916; Cook County; Illinois",562,120207,1429,0.943
"364","Census Tract 2922; Cook County; Illinois",975,33736,2540,0.861
"365","Census Tract 2924; Cook County; Illinois",693,41875,1765,0.844
"366","Census Tract 2925; Cook County; Illinois",1518,52500,3461,0.757
"367","Census Tract 3005; Cook County; Illinois",954,50329,3240,0.76
"368","Census Tract 3006; Cook County; Illinois",943,48915,2725,0.752
"369","Census Tract 3007; Cook County; Illinois",1668,46554,4791,0.753
"370","Census Tract 3008; Cook County; Illinois",1207,29684,4192,0.687
"371","Census Tract 3009; Cook County; Illinois",1582,32766,3937,0.822
"372","Census Tract 3011; Cook County; Illinois",769,34608,2409,0.868
"373","Census Tract 3012; Cook County; Illinois",1510,50040,5209,0.875
"374","Census Tract 3016; Cook County; Illinois",1420,28442,3247,0.844
"375","Census Tract 3017.01; Cook County; Illinois",1406,52115,4205,0.796
"376","Census Tract 3017.02; Cook County; Illinois",1283,43632,4086,0.751
"377","Census Tract 3018.01; Cook County; Illinois",1185,35779,4086,0.831
"378","Census Tract 3018.02; Cook County; Illinois",849,33668,2623,0.855
"379","Census Tract 3018.03; Cook County; Illinois",1203,36020,3168,0.892
"380","Census Tract 3102; Cook County; Illinois",750,133382,1824,0.934
"381","Census Tract 3103; Cook County; Illinois",784,66683,1836,0.9
"382","Census Tract 3104; Cook County; Illinois",660,77991,1456,0.867
"383","Census Tract 3105; Cook County; Illinois",618,58321,1599,0.744
"384","Census Tract 3106; Cook County; Illinois",2349,73508,5542,0.903
"385","Census Tract 3107; Cook County; Illinois",600,62647,1354,0.809
"386","Census Tract 3108; Cook County; Illinois",1739,63779,4633,0.834
"387","Census Tract 3109; Cook County; Illinois",1847,78287,4914,0.871
"388","Census Tract 3201.01; Cook County; Illinois",5038,119616,8691,0.914
"389","Census Tract 3201.02; Cook County; Illinois",2548,162021,5429,0.975
"390","Census Tract 3204; Cook County; Illinois",812,162143,3004,0.875
"391","Census Tract 3206; Cook County; Illinois",3653,108320,6116,0.968
"392","Census Tract 3301.01; Cook County; Illinois",2740,177254,5011,0.925
"393","Census Tract 3301.02; Cook County; Illinois",6171,112762,9617,0.983
"394","Census Tract 3301.03; Cook County; Illinois",4812,125175,8302,0.958
"395","Census Tract 3302; Cook County; Illinois",1786,128000,3969,0.979
"396","Census Tract 3403; Cook County; Illinois",693,47519,1698,0.923
"397","Census Tract 3404; Cook County; Illinois",685,49309,1630,0.842
"398","Census Tract 3405; Cook County; Illinois",955,57720,1558,0.926
"399","Census Tract 3406; Cook County; Illinois",474,19348,1317,0.926
"400","Census Tract 3501; Cook County; Illinois",1509,61620,2439,0.961
"401","Census Tract 3504; Cook County; Illinois",674,22292,1777,0.89
"402","Census Tract 3510; Cook County; Illinois",2419,54688,3526,0.902
"403","Census Tract 3511; Cook County; Illinois",1069,18220,2160,0.931
"404","Census Tract 3514; Cook County; Illinois",815,NA,1569,0.885
"405","Census Tract 3515; Cook County; Illinois",380,63235,946,0.953
"406","Census Tract 3602; Cook County; Illinois",757,26638,1672,0.835
"407","Census Tract 3801; Cook County; Illinois",1121,NA,1911,0.964
"408","Census Tract 3802; Cook County; Illinois",1236,25167,1723,1
"409","Census Tract 3806; Cook County; Illinois",2006,25455,4023,0.962
"410","Census Tract 3812; Cook County; Illinois",1023,44757,1906,0.931
"411","Census Tract 3814; Cook County; Illinois",756,34300,1615,0.821
"412","Census Tract 3815; Cook County; Illinois",422,23288,670,0.931
"413","Census Tract 3817; Cook County; Illinois",0,NA,0,NA
"414","Census Tract 3818; Cook County; Illinois",765,46813,1473,0.888
"415","Census Tract 3819; Cook County; Illinois",587,58803,1348,0.903
"416","Census Tract 3901; Cook County; Illinois",774,65833,1854,0.849
"417","Census Tract 3902; Cook County; Illinois",889,104441,2178,0.935
"418","Census Tract 3903; Cook County; Illinois",1597,19475,2532,0.925
"419","Census Tract 3904; Cook County; Illinois",1414,27232,2289,0.936
"420","Census Tract 3905; Cook County; Illinois",885,58194,1766,0.92
"421","Census Tract 3906; Cook County; Illinois",884,76806,1824,0.906
"422","Census Tract 3907; Cook County; Illinois",3541,67832,6047,0.96
"423","Census Tract 4003; Cook County; Illinois",631,84293,1361,0.959
"424","Census Tract 4004; Cook County; Illinois",948,40066,2192,0.935
"425","Census Tract 4005; Cook County; Illinois",1122,22463,2634,0.879
"426","Census Tract 4008; Cook County; Illinois",1280,21029,2768,0.951
"427","Census Tract 4101; Cook County; Illinois",1424,51471,2251,0.937
"428","Census Tract 4102; Cook County; Illinois",762,51739,1281,0.991
"429","Census Tract 4105; Cook County; Illinois",1660,70833,3405,0.924
"430","Census Tract 4106; Cook County; Illinois",1141,39461,2234,0.966
"431","Census Tract 4107; Cook County; Illinois",1254,45972,2541,0.963
"432","Census Tract 4108; Cook County; Illinois",1736,58396,2890,0.948
"433","Census Tract 4109; Cook County; Illinois",1863,71315,3519,0.963
"434","Census Tract 4110; Cook County; Illinois",2406,52596,3888,0.957
"435","Census Tract 4111; Cook County; Illinois",984,123750,2388,0.969
"436","Census Tract 4112; Cook County; Illinois",777,111058,1643,0.997
"437","Census Tract 4201; Cook County; Illinois",859,21275,1629,0.936
"438","Census Tract 4202; Cook County; Illinois",664,30461,1634,0.965
"439","Census Tract 4203; Cook County; Illinois",675,38583,2495,0.946
"440","Census Tract 4204; Cook County; Illinois",709,32938,1327,0.916
"441","Census Tract 4205; Cook County; Illinois",1052,25298,2040,0.909
"442","Census Tract 4206; Cook County; Illinois",986,34643,2618,0.858
"443","Census Tract 4207; Cook County; Illinois",1165,24785,2274,0.9
"444","Census Tract 4208; Cook County; Illinois",943,44375,2322,0.9
"445","Census Tract 4212; Cook County; Illinois",689,41910,1986,0.779
"446","Census Tract 4301.01; Cook County; Illinois",1773,32264,3468,0.948
"447","Census Tract 4301.02; Cook County; Illinois",2428,50625,3542,0.899
"448","Census Tract 4302; Cook County; Illinois",2703,33183,5455,0.895
"449","Census Tract 4303; Cook County; Illinois",1041,36467,2605,0.971
"450","Census Tract 4304; Cook County; Illinois",1342,36917,2957,0.908
"451","Census Tract 4305; Cook County; Illinois",1839,28528,3882,0.907
"452","Census Tract 4306; Cook County; Illinois",837,54375,2218,0.938
"453","Census Tract 4307; Cook County; Illinois",1281,30561,2019,0.843
"454","Census Tract 4308; Cook County; Illinois",813,45221,2016,0.899
"455","Census Tract 4309; Cook County; Illinois",879,38173,1681,0.938
"456","Census Tract 4312; Cook County; Illinois",1278,57845,2399,0.901
"457","Census Tract 4313.01; Cook County; Illinois",1354,36867,3555,0.886
"458","Census Tract 4313.02; Cook County; Illinois",1677,32031,3788,0.94
"459","Census Tract 4314; Cook County; Illinois",3427,37122,7109,0.944
"460","Census Tract 4401.01; Cook County; Illinois",2388,28877,3986,0.821
"461","Census Tract 4401.02; Cook County; Illinois",1987,40565,3320,0.82
"462","Census Tract 4402.01; Cook County; Illinois",2474,34355,6077,0.951
"463","Census Tract 4402.02; Cook County; Illinois",1595,31537,2763,0.937
"464","Census Tract 4403; Cook County; Illinois",2109,46747,4650,0.941
"465","Census Tract 4406; Cook County; Illinois",709,58631,1612,0.923
"466","Census Tract 4407; Cook County; Illinois",544,77300,1453,0.947
"467","Census Tract 4408; Cook County; Illinois",687,35292,1877,0.852
"468","Census Tract 4409; Cook County; Illinois",1029,39730,2377,0.918
"469","Census Tract 4503; Cook County; Illinois",1526,51990,3461,0.92
"470","Census Tract 4601; Cook County; Illinois",995,47790,2619,0.844
"471","Census Tract 4602; Cook County; Illinois",918,28487,1880,0.909
"472","Census Tract 4603.01; Cook County; Illinois",1207,31831,3189,0.829
"473","Census Tract 4603.02; Cook County; Illinois",1250,50056,4212,0.964
"474","Census Tract 4604; Cook County; Illinois",1314,68475,3682,0.938
"475","Census Tract 4605; Cook County; Illinois",2771,68207,6284,0.862
"476","Census Tract 4608; Cook County; Illinois",1400,32654,4376,0.882
"477","Census Tract 4610; Cook County; Illinois",711,17182,1336,0.942
"478","Census Tract 4701; Cook County; Illinois",997,45855,2246,0.839
"479","Census Tract 4801; Cook County; Illinois",941,72171,2161,0.969
"480","Census Tract 4802; Cook County; Illinois",603,54338,1057,0.976
"481","Census Tract 4803; Cook County; Illinois",483,57839,1131,0.972
"482","Census Tract 4804; Cook County; Illinois",2325,83567,5013,0.958
"483","Census Tract 4805; Cook County; Illinois",1177,46250,2725,0.93
"484","Census Tract 4902; Cook County; Illinois",1387,63175,2944,0.918
"485","Census Tract 4905; Cook County; Illinois",743,67135,1775,0.879
"486","Census Tract 4906; Cook County; Illinois",556,63947,1446,0.961
"487","Census Tract 4907; Cook County; Illinois",889,44792,2459,0.925
"488","Census Tract 4908; Cook County; Illinois",1294,51591,3705,0.873
"489","Census Tract 4909.01; Cook County; Illinois",1254,35038,3084,0.86
"490","Census Tract 4909.02; Cook County; Illinois",1774,67428,4697,0.891
"491","Census Tract 4910; Cook County; Illinois",1167,22438,3417,0.86
"492","Census Tract 4911; Cook County; Illinois",1368,68155,3935,0.869
"493","Census Tract 4912; Cook County; Illinois",669,53586,1932,0.874
"494","Census Tract 4913; Cook County; Illinois",602,40700,2123,0.889
"495","Census Tract 4914; Cook County; Illinois",1033,36480,2539,0.892
"496","Census Tract 5001; Cook County; Illinois",1577,71108,3231,0.988
"497","Census Tract 5002; Cook County; Illinois",771,38451,1831,0.879
"498","Census Tract 5003; Cook County; Illinois",920,48469,1794,0.903
"499","Census Tract 5101; Cook County; Illinois",1221,56806,3639,0.907
"500","Census Tract 5102; Cook County; Illinois",1251,55417,3714,0.897
"501","Census Tract 5103; Cook County; Illinois",1908,30607,4640,0.971
"502","Census Tract 5201; Cook County; Illinois",497,57446,2062,0.681
"503","Census Tract 5202; Cook County; Illinois",1198,58438,3652,0.837
"504","Census Tract 5203; Cook County; Illinois",1991,50276,5896,0.841
"505","Census Tract 5204; Cook County; Illinois",1452,49505,4393,0.866
"506","Census Tract 5205; Cook County; Illinois",1512,87381,5171,0.878
"507","Census Tract 5206; Cook County; Illinois",771,99688,2726,0.97
"508","Census Tract 5301; Cook County; Illinois",821,38027,1915,0.82
"509","Census Tract 5302; Cook County; Illinois",1454,41464,4358,0.888
"510","Census Tract 5303; Cook County; Illinois",1528,53574,3484,0.945
"511","Census Tract 5304; Cook County; Illinois",816,80147,2356,0.898
"512","Census Tract 5305.01; Cook County; Illinois",1805,39632,5118,0.861
"513","Census Tract 5305.02; Cook County; Illinois",584,63621,1464,0.87
"514","Census Tract 5305.03; Cook County; Illinois",1525,47262,4369,0.941
"515","Census Tract 5306; Cook County; Illinois",954,38304,2385,0.866
"516","Census Tract 5401.01; Cook County; Illinois",1647,16712,4460,0.893
"517","Census Tract 5401.02; Cook County; Illinois",1283,28711,3357,0.946
"518","Census Tract 5501; Cook County; Illinois",2668,NA,6197,0.897
"519","Census Tract 5502; Cook County; Illinois",1057,70197,2824,0.947
"520","Census Tract 5601; Cook County; Illinois",342,59286,1030,0.948
"521","Census Tract 5602; Cook County; Illinois",542,46979,1372,0.915
"522","Census Tract 5603; Cook County; Illinois",1081,56250,3079,0.913
"523","Census Tract 5604; Cook County; Illinois",489,77125,1744,0.818
"524","Census Tract 5607; Cook County; Illinois",1289,78411,3584,0.855
"525","Census Tract 5608; Cook County; Illinois",1932,103098,6003,0.913
"526","Census Tract 5609; Cook County; Illinois",1849,117188,5131,0.958
"527","Census Tract 5610; Cook County; Illinois",2276,106375,6040,0.949
"528","Census Tract 5611; Cook County; Illinois",2276,95926,5888,0.937
"529","Census Tract 5701; Cook County; Illinois",455,52212,1421,0.951
"530","Census Tract 5702; Cook County; Illinois",806,NA,2084,0.961
"531","Census Tract 5703; Cook County; Illinois",1814,50641,5951,0.862
"532","Census Tract 5704; Cook County; Illinois",600,75125,1712,0.791
"533","Census Tract 5705; Cook County; Illinois",775,77772,2699,0.881
"534","Census Tract 5801; Cook County; Illinois",946,51111,2662,0.902
"535","Census Tract 5802; Cook County; Illinois",856,39865,2988,0.88
"536","Census Tract 5803; Cook County; Illinois",790,61974,2569,0.841
"537","Census Tract 5804; Cook County; Illinois",1482,55355,4672,0.871
"538","Census Tract 5805.01; Cook County; Illinois",1594,45854,4716,0.838
"539","Census Tract 5805.02; Cook County; Illinois",1487,46853,4932,0.764
"540","Census Tract 5806; Cook County; Illinois",1676,59631,5402,0.868
"541","Census Tract 5807; Cook County; Illinois",1669,57269,6110,0.809
"542","Census Tract 5808; Cook County; Illinois",558,63333,2096,0.723
"543","Census Tract 5905; Cook County; Illinois",740,69697,1672,0.922
"544","Census Tract 5906; Cook County; Illinois",1430,65192,3813,0.864
"545","Census Tract 5907; Cook County; Illinois",1018,76667,2914,0.876
"546","Census Tract 6004; Cook County; Illinois",1593,62599,3963,0.9
"547","Census Tract 6006; Cook County; Illinois",1195,60625,2953,0.962
"548","Census Tract 6007; Cook County; Illinois",1207,65342,2870,0.881
"549","Census Tract 6009; Cook County; Illinois",1422,68526,3733,0.917
"550","Census Tract 6103; Cook County; Illinois",2134,38984,5670,0.788
"551","Census Tract 6104; Cook County; Illinois",585,37480,1888,0.774
"552","Census Tract 6108; Cook County; Illinois",559,86705,1521,0.891
"553","Census Tract 6112; Cook County; Illinois",773,32793,2068,0.784
"554","Census Tract 6113; Cook County; Illinois",1043,45283,3409,0.853
"555","Census Tract 6114; Cook County; Illinois",1003,29194,3587,0.826
"556","Census Tract 6115; Cook County; Illinois",961,40960,3091,0.695
"557","Census Tract 6116; Cook County; Illinois",536,NA,1995,0.814
"558","Census Tract 6117; Cook County; Illinois",759,21701,1847,0.676
"559","Census Tract 6118; Cook County; Illinois",724,NA,2186,0.829
"560","Census Tract 6119; Cook County; Illinois",534,34000,1559,0.889
"561","Census Tract 6120; Cook County; Illinois",516,47300,1317,0.583
"562","Census Tract 6121; Cook County; Illinois",367,27583,1018,0.859
"563","Census Tract 6122; Cook County; Illinois",1137,41514,3687,0.828
"564","Census Tract 6201; Cook County; Illinois",1215,68438,4798,0.849
"565","Census Tract 6202; Cook County; Illinois",760,62250,1948,0.982
"566","Census Tract 6203; Cook County; Illinois",2273,67292,7080,0.887
"567","Census Tract 6204; Cook County; Illinois",1298,53575,4540,0.943
"568","Census Tract 6303; Cook County; Illinois",1419,51920,4167,0.816
"569","Census Tract 6304; Cook County; Illinois",1775,39828,6003,0.825
"570","Census Tract 6305; Cook County; Illinois",1647,48986,5989,0.816
"571","Census Tract 6306; Cook County; Illinois",856,51643,2746,0.853
"572","Census Tract 6308; Cook County; Illinois",1772,68558,6361,0.843
"573","Census Tract 6309; Cook County; Illinois",1500,41600,4856,0.919
"574","Census Tract 6401; Cook County; Illinois",470,51579,1348,0.827
"575","Census Tract 6403; Cook County; Illinois",2302,79750,6897,0.964
"576","Census Tract 6404; Cook County; Illinois",1195,90142,3309,0.931
"577","Census Tract 6405; Cook County; Illinois",1606,72813,4132,0.947
"578","Census Tract 6406; Cook County; Illinois",1762,79231,4427,0.934
"579","Census Tract 6407; Cook County; Illinois",1020,72297,3110,0.839
"580","Census Tract 6408; Cook County; Illinois",577,38365,1505,0.942
"581","Census Tract 6501; Cook County; Illinois",1434,59966,4622,0.858
"582","Census Tract 6502; Cook County; Illinois",2193,92357,7211,0.889
"583","Census Tract 6503.01; Cook County; Illinois",1560,59569,4863,0.86
"584","Census Tract 6503.02; Cook County; Illinois",1229,60739,4945,0.862
"585","Census Tract 6504; Cook County; Illinois",1636,72308,6794,0.82
"586","Census Tract 6505; Cook County; Illinois",1572,66818,4142,0.937
"587","Census Tract 6603.01; Cook County; Illinois",601,24628,1761,0.96
"588","Census Tract 6603.02; Cook County; Illinois",1441,44329,4612,0.847
"589","Census Tract 6604; Cook County; Illinois",1565,44297,4719,0.825
"590","Census Tract 6605; Cook County; Illinois",1398,42247,4284,0.758
"591","Census Tract 6606; Cook County; Illinois",2018,36729,5849,0.873
"592","Census Tract 6607; Cook County; Illinois",634,33347,1617,0.899
"593","Census Tract 6608; Cook County; Illinois",2212,41099,5832,0.877
"594","Census Tract 6609; Cook County; Illinois",1643,41032,5631,0.817
"595","Census Tract 6610; Cook County; Illinois",2137,46066,5424,0.865
"596","Census Tract 6611; Cook County; Illinois",1933,78778,7186,0.839
"597","Census Tract 6701; Cook County; Illinois",447,24583,1472,0.774
"598","Census Tract 6702; Cook County; Illinois",356,34459,724,0.916
"599","Census Tract 6703; Cook County; Illinois",413,30179,1332,0.794
"600","Census Tract 6704; Cook County; Illinois",617,32083,1616,0.845
"601","Census Tract 6705; Cook County; Illinois",358,30313,1004,0.909
"602","Census Tract 6706; Cook County; Illinois",367,37621,1174,0.767
"603","Census Tract 6707; Cook County; Illinois",312,35500,1092,0.822
"604","Census Tract 6708; Cook County; Illinois",425,39297,1022,0.823
"605","Census Tract 6709; Cook County; Illinois",548,29906,1246,0.82
"606","Census Tract 6711; Cook County; Illinois",373,15159,915,0.755
"607","Census Tract 6712; Cook County; Illinois",268,40286,840,0.863
"608","Census Tract 6713; Cook County; Illinois",742,28056,1657,0.865
"609","Census Tract 6714; Cook County; Illinois",565,26080,1296,0.76
"610","Census Tract 6715; Cook County; Illinois",930,34167,2308,0.931
"611","Census Tract 6716; Cook County; Illinois",707,21063,1709,0.874
"612","Census Tract 6718; Cook County; Illinois",378,34470,1128,0.872
"613","Census Tract 6719; Cook County; Illinois",348,NA,1034,0.871
"614","Census Tract 6720; Cook County; Illinois",1058,38654,3281,0.896
"615","Census Tract 6805; Cook County; Illinois",553,39306,1474,0.885
"616","Census Tract 6806; Cook County; Illinois",443,50330,1178,0.969
"617","Census Tract 6809; Cook County; Illinois",1908,22846,3540,0.722
"618","Census Tract 6810; Cook County; Illinois",1028,NA,2297,0.93
"619","Census Tract 6811; Cook County; Illinois",802,32583,1932,0.933
"620","Census Tract 6812; Cook County; Illinois",763,17338,1874,0.868
"621","Census Tract 6813; Cook County; Illinois",880,17500,2323,0.847
"622","Census Tract 6814; Cook County; Illinois",651,51531,1879,0.827
"623","Census Tract 6903; Cook County; Illinois",736,35319,1894,0.867
"624","Census Tract 6904; Cook County; Illinois",1480,40722,2896,0.878
"625","Census Tract 6905; Cook County; Illinois",333,56203,742,0.902
"626","Census Tract 6909; Cook County; Illinois",1744,41131,3809,0.892
"627","Census Tract 6910; Cook County; Illinois",1221,78375,2655,0.98
"628","Census Tract 6911; Cook County; Illinois",1118,57542,2883,0.938
"629","Census Tract 6912; Cook County; Illinois",870,35551,1984,0.908
"630","Census Tract 6913; Cook County; Illinois",1093,42708,2332,0.909
"631","Census Tract 6914; Cook County; Illinois",1310,38816,2701,0.954
"632","Census Tract 6915; Cook County; Illinois",889,22363,1895,0.929
"633","Census Tract 7001; Cook County; Illinois",1081,78803,3855,0.854
"634","Census Tract 7002; Cook County; Illinois",1884,80096,6888,0.834
"635","Census Tract 7003.01; Cook County; Illinois",1895,74207,6124,0.883
"636","Census Tract 7003.02; Cook County; Illinois",1805,83086,6003,0.886
"637","Census Tract 7004.01; Cook County; Illinois",1883,81065,6218,0.868
"638","Census Tract 7004.02; Cook County; Illinois",1196,85208,3417,0.918
"639","Census Tract 7005.01; Cook County; Illinois",2530,66979,6274,0.964
"640","Census Tract 7005.02; Cook County; Illinois",1191,87543,3450,0.878
"641","Census Tract 7101; Cook County; Illinois",518,23500,1026,0.955
"642","Census Tract 7102; Cook County; Illinois",1739,28091,4056,0.873
"643","Census Tract 7103; Cook County; Illinois",558,54444,1382,0.897
"644","Census Tract 7104; Cook County; Illinois",2229,44858,5668,0.93
"645","Census Tract 7105; Cook County; Illinois",1511,39943,4087,0.88
"646","Census Tract 7106; Cook County; Illinois",915,35865,1720,0.833
"647","Census Tract 7107; Cook County; Illinois",1266,31473,3412,0.89
"648","Census Tract 7108; Cook County; Illinois",1970,30461,4536,0.922
"649","Census Tract 7109; Cook County; Illinois",754,45663,2151,0.962
"650","Census Tract 7110; Cook County; Illinois",1252,58030,3779,0.925
"651","Census Tract 7111; Cook County; Illinois",1048,46667,2808,0.868
"652","Census Tract 7112; Cook County; Illinois",1751,58444,4869,0.902
"653","Census Tract 7113; Cook County; Illinois",666,70223,1618,0.868
"654","Census Tract 7114; Cook County; Illinois",874,53929,2728,0.909
"655","Census Tract 7115; Cook County; Illinois",873,57422,2628,0.966
"656","Census Tract 7201; Cook County; Illinois",1114,151613,3370,0.977
"657","Census Tract 7202; Cook County; Illinois",1579,118836,4097,0.971
"658","Census Tract 7203; Cook County; Illinois",1511,145250,3614,0.968
"659","Census Tract 7204; Cook County; Illinois",697,116406,1872,0.955
"660","Census Tract 7205; Cook County; Illinois",720,110625,1833,0.984
"661","Census Tract 7206; Cook County; Illinois",627,148450,1860,0.996
"662","Census Tract 7207; Cook County; Illinois",1164,118227,3135,0.976
"663","Census Tract 7301; Cook County; Illinois",979,65944,2669,0.984
"664","Census Tract 7302.01; Cook County; Illinois",2177,62083,5671,0.921
"665","Census Tract 7302.02; Cook County; Illinois",1027,78819,2899,0.922
"666","Census Tract 7303; Cook County; Illinois",367,49271,1042,0.907
"667","Census Tract 7304; Cook County; Illinois",1434,91284,4063,0.916
"668","Census Tract 7305; Cook County; Illinois",1777,61742,4053,0.903
"669","Census Tract 7306; Cook County; Illinois",1028,75462,3570,0.952
"670","Census Tract 7307; Cook County; Illinois",789,54531,2288,0.922
"671","Census Tract 7401; Cook County; Illinois",1225,109583,3075,0.991
"672","Census Tract 7402; Cook County; Illinois",2138,118444,6473,0.975
"673","Census Tract 7403; Cook County; Illinois",1933,122063,5043,0.98
"674","Census Tract 7404; Cook County; Illinois",1873,93194,4530,0.953
"675","Census Tract 7501; Cook County; Illinois",1514,52109,3636,0.913
"676","Census Tract 7502; Cook County; Illinois",1436,75250,3141,0.986
"677","Census Tract 7503; Cook County; Illinois",968,119000,2546,0.993
"678","Census Tract 7504; Cook County; Illinois",1247,104009,2790,0.981
"679","Census Tract 7505; Cook County; Illinois",1941,52880,4383,0.892
"680","Census Tract 7506; Cook County; Illinois",1301,56504,3824,0.925
"681","Census Tract 7608.01; Cook County; Illinois",2349,73618,4718,0.877
"682","Census Tract 7608.02; Cook County; Illinois",1170,81167,2191,0.901
"683","Census Tract 7608.03; Cook County; Illinois",3059,63155,6805,0.779
"684","Census Tract 7702.01; Cook County; Illinois",2678,85538,6051,0.919
"685","Census Tract 7702.02; Cook County; Illinois",1992,78727,4557,0.979
"686","Census Tract 7703; Cook County; Illinois",2717,88614,7001,0.957
"687","Census Tract 7704; Cook County; Illinois",1590,88983,4440,0.843
"688","Census Tract 7705; Cook County; Illinois",1105,54522,4225,0.702
"689","Census Tract 7706.01; Cook County; Illinois",1149,92569,3439,0.905
"690","Census Tract 7706.02; Cook County; Illinois",1572,80568,4435,0.801
"691","Census Tract 7707; Cook County; Illinois",1074,65300,2283,0.889
"692","Census Tract 7708; Cook County; Illinois",2021,74557,5773,0.922
"693","Census Tract 7709.01; Cook County; Illinois",1980,102955,4796,0.928
"694","Census Tract 7709.02; Cook County; Illinois",1537,81250,3816,0.885
"695","Census Tract 8001; Cook County; Illinois",825,NA,2367,0.99
"696","Census Tract 8002; Cook County; Illinois",2247,214779,6420,0.99
"697","Census Tract 8003; Cook County; Illinois",1127,NA,3303,0.988
"698","Census Tract 8004; Cook County; Illinois",1251,NA,3686,0.995
"699","Census Tract 8005; Cook County; Illinois",1825,NA,5576,0.973
"700","Census Tract 8006; Cook County; Illinois",735,NA,2389,0.994
"701","Census Tract 8007; Cook County; Illinois",1686,NA,4850,0.983
"702","Census Tract 8008; Cook County; Illinois",1031,110156,2331,0.968
"703","Census Tract 8009; Cook County; Illinois",1680,137802,4341,0.977
"704","Census Tract 8010; Cook County; Illinois",2188,146890,5261,0.99
"705","Census Tract 8011; Cook County; Illinois",1600,231919,5045,0.993
"706","Census Tract 8012; Cook County; Illinois",1490,243333,3699,0.99
"707","Census Tract 8013; Cook County; Illinois",1742,142500,4372,1
"708","Census Tract 8014; Cook County; Illinois",1157,164120,3052,0.997
"709","Census Tract 8015; Cook County; Illinois",2698,133224,5988,0.995
"710","Census Tract 8016.01; Cook County; Illinois",1963,98328,4299,0.981
"711","Census Tract 8016.03; Cook County; Illinois",1471,68594,3576,0.927
"712","Census Tract 8016.05; Cook County; Illinois",2135,179425,5721,0.966
"713","Census Tract 8016.06; Cook County; Illinois",2899,158309,7376,0.999
"714","Census Tract 8016.07; Cook County; Illinois",2065,139865,5748,0.921
"715","Census Tract 8016.08; Cook County; Illinois",2605,134179,6214,0.942
"716","Census Tract 8017.01; Cook County; Illinois",1174,220469,3568,0.979
"717","Census Tract 8017.02; Cook County; Illinois",1689,190288,4911,0.993
"718","Census Tract 8018; Cook County; Illinois",2380,167619,6040,0.985
"719","Census Tract 8019.01; Cook County; Illinois",1949,105766,4255,0.942
"720","Census Tract 8019.02; Cook County; Illinois",1231,191319,3770,0.978
"721","Census Tract 8020.02; Cook County; Illinois",1671,139904,4714,0.975
"722","Census Tract 8020.03; Cook County; Illinois",882,135625,2517,0.977
"723","Census Tract 8020.04; Cook County; Illinois",2402,39560,5877,0.878
"724","Census Tract 8021; Cook County; Illinois",1225,163681,3717,0.986
"725","Census Tract 8022; Cook County; Illinois",1937,168105,4937,0.996
"726","Census Tract 8023; Cook County; Illinois",2699,121533,5686,0.988
"727","Census Tract 8024.02; Cook County; Illinois",2434,79841,5862,0.848
"728","Census Tract 8024.03; Cook County; Illinois",835,77471,1392,0.915
"729","Census Tract 8024.04; Cook County; Illinois",3176,67905,7297,0.836
"730","Census Tract 8025.03; Cook County; Illinois",2673,103365,7571,0.905
"731","Census Tract 8025.04; Cook County; Illinois",2120,92541,6644,0.852
"732","Census Tract 8025.05; Cook County; Illinois",2597,69221,6371,0.789
"733","Census Tract 8025.06; Cook County; Illinois",803,92829,2517,0.822
"734","Census Tract 8026.05; Cook County; Illinois",3163,120580,7177,0.94
"735","Census Tract 8026.07; Cook County; Illinois",432,126429,1217,0.971
"736","Census Tract 8026.08; Cook County; Illinois",2921,88346,6009,0.93
"737","Census Tract 8026.09; Cook County; Illinois",2706,58711,6414,0.792
"738","Census Tract 8026.10; Cook County; Illinois",769,127415,1986,0.952
"739","Census Tract 8027.01; Cook County; Illinois",2206,125370,6326,0.922
"740","Census Tract 8027.02; Cook County; Illinois",1732,116136,4945,0.983
"741","Census Tract 8028.01; Cook County; Illinois",1859,131918,4689,0.973
"742","Census Tract 8028.02; Cook County; Illinois",2322,109038,6530,0.964
"743","Census Tract 8029; Cook County; Illinois",2058,158750,6085,0.973
"744","Census Tract 8030.05; Cook County; Illinois",1163,104306,2701,0.987
"745","Census Tract 8030.07; Cook County; Illinois",2136,106316,5201,0.945
"746","Census Tract 8030.08; Cook County; Illinois",1722,145100,4807,0.957
"747","Census Tract 8030.10; Cook County; Illinois",1737,114347,4686,0.922
"748","Census Tract 8030.12; Cook County; Illinois",954,85000,2014,0.899
"749","Census Tract 8030.13; Cook County; Illinois",2353,105841,5724,0.971
"750","Census Tract 8030.14; Cook County; Illinois",1437,76045,3329,0.86
"751","Census Tract 8030.15; Cook County; Illinois",2039,102961,4498,0.958
"752","Census Tract 8030.16; Cook County; Illinois",937,119188,2548,0.947
"753","Census Tract 8030.17; Cook County; Illinois",2532,98125,6116,0.887
"754","Census Tract 8031; Cook County; Illinois",1165,152682,3448,0.969
"755","Census Tract 8032; Cook County; Illinois",2137,99556,4745,0.936
"756","Census Tract 8033; Cook County; Illinois",2926,115946,5629,0.945
"757","Census Tract 8034; Cook County; Illinois",2308,140000,6745,0.956
"758","Census Tract 8035; Cook County; Illinois",2219,144036,5508,0.979
"759","Census Tract 8036.03; Cook County; Illinois",2255,191691,6537,0.946
"760","Census Tract 8036.04; Cook County; Illinois",1800,88377,4304,0.916
"761","Census Tract 8036.05; Cook County; Illinois",2507,100506,6694,0.9
"762","Census Tract 8036.07; Cook County; Illinois",1649,118224,4358,0.94
"763","Census Tract 8036.08; Cook County; Illinois",3207,129358,8110,0.913
"764","Census Tract 8036.11; Cook County; Illinois",2109,68958,6425,0.811
"765","Census Tract 8036.12; Cook County; Illinois",1336,66000,3470,0.81
"766","Census Tract 8036.13; Cook County; Illinois",1100,73333,3891,0.743
"767","Census Tract 8036.14; Cook County; Illinois",1579,50865,4145,0.717
"768","Census Tract 8036.15; Cook County; Illinois",1065,89960,2357,0.933
"769","Census Tract 8036.16; Cook County; Illinois",2081,91968,4789,0.97
"770","Census Tract 8037.01; Cook County; Illinois",1359,81581,2745,0.963
"771","Census Tract 8037.02; Cook County; Illinois",2454,109779,6075,0.98
"772","Census Tract 8038; Cook County; Illinois",1732,121167,4159,0.979
"773","Census Tract 8039.01; Cook County; Illinois",2041,79034,3702,0.959
"774","Census Tract 8039.02; Cook County; Illinois",1230,106012,3416,0.916
"775","Census Tract 8040; Cook County; Illinois",1938,88559,4672,0.962
"776","Census Tract 8041.02; Cook County; Illinois",2435,170819,6749,0.975
"777","Census Tract 8041.04; Cook County; Illinois",1875,145156,5176,0.956
"778","Census Tract 8041.05; Cook County; Illinois",1499,152386,4212,0.96
"779","Census Tract 8041.06; Cook County; Illinois",2607,139139,7232,0.93
"780","Census Tract 8041.08; Cook County; Illinois",2261,91795,4577,0.882
"781","Census Tract 8041.09; Cook County; Illinois",1133,155469,3012,0.987
"782","Census Tract 8042.02; Cook County; Illinois",2846,178385,7853,0.99
"783","Census Tract 8042.03; Cook County; Illinois",1015,225486,3215,0.988
"784","Census Tract 8042.04; Cook County; Illinois",1862,149778,5126,0.973
"785","Census Tract 8043.05; Cook County; Illinois",2713,81277,7790,0.816
"786","Census Tract 8043.06; Cook County; Illinois",1868,88125,6379,0.888
"787","Census Tract 8043.08; Cook County; Illinois",2032,79205,4752,0.912
"788","Census Tract 8043.09; Cook County; Illinois",983,86885,3299,0.902
"789","Census Tract 8043.12; Cook County; Illinois",621,158467,1888,0.985
"790","Census Tract 8043.13; Cook County; Illinois",2174,121986,6913,0.967
"791","Census Tract 8043.14; Cook County; Illinois",622,106410,1409,0.872
"792","Census Tract 8043.15; Cook County; Illinois",877,98050,2547,0.889
"793","Census Tract 8043.16; Cook County; Illinois",1628,110667,4514,0.935
"794","Census Tract 8044.03; Cook County; Illinois",2609,79203,6895,0.857
"795","Census Tract 8044.04; Cook County; Illinois",1588,86802,5504,0.894
"796","Census Tract 8044.05; Cook County; Illinois",1021,72031,3301,0.942
"797","Census Tract 8044.06; Cook County; Illinois",1840,72237,5783,0.889
"798","Census Tract 8045.05; Cook County; Illinois",1503,84728,3644,0.922
"799","Census Tract 8045.06; Cook County; Illinois",1995,132679,5141,0.953
"800","Census Tract 8045.08; Cook County; Illinois",855,65708,2345,0.678
"801","Census Tract 8045.09; Cook County; Illinois",1645,90174,6239,0.779
"802","Census Tract 8045.10; Cook County; Illinois",1371,80801,5389,0.784
"803","Census Tract 8045.11; Cook County; Illinois",737,68516,2234,0.813
"804","Census Tract 8045.12; Cook County; Illinois",1327,146710,3555,0.921
"805","Census Tract 8045.13; Cook County; Illinois",1472,151051,3753,0.973
"806","Census Tract 8045.14; Cook County; Illinois",1693,111713,5381,0.894
"807","Census Tract 8046.03; Cook County; Illinois",2932,98247,6263,0.855
"808","Census Tract 8046.06; Cook County; Illinois",2429,136908,6144,0.986
"809","Census Tract 8046.07; Cook County; Illinois",2432,126192,7334,0.967
"810","Census Tract 8046.08; Cook County; Illinois",1587,120565,3627,0.952
"811","Census Tract 8046.09; Cook County; Illinois",2464,110833,5993,0.971
"812","Census Tract 8046.10; Cook County; Illinois",1245,75191,2684,0.963
"813","Census Tract 8046.11; Cook County; Illinois",1833,85451,4233,0.964
"814","Census Tract 8047.01; Cook County; Illinois",2373,78522,5750,0.873
"815","Census Tract 8047.05; Cook County; Illinois",1706,75563,4594,0.898
"816","Census Tract 8047.06; Cook County; Illinois",725,116354,2255,0.936
"817","Census Tract 8047.09; Cook County; Illinois",2987,93586,8235,0.932
"818","Census Tract 8047.10; Cook County; Illinois",1521,95703,3836,0.949
"819","Census Tract 8047.11; Cook County; Illinois",2819,83787,8272,0.915
"820","Census Tract 8047.12; Cook County; Illinois",1877,95590,5431,0.942
"821","Census Tract 8047.13; Cook County; Illinois",2241,97781,5097,0.963
"822","Census Tract 8047.14; Cook County; Illinois",1314,104286,3269,0.949
"823","Census Tract 8047.15; Cook County; Illinois",1232,62183,3777,0.78
"824","Census Tract 8047.16; Cook County; Illinois",1475,112725,4599,0.951
"825","Census Tract 8048.03; Cook County; Illinois",1929,88412,5381,0.915
"826","Census Tract 8048.04; Cook County; Illinois",2476,70750,5744,0.951
"827","Census Tract 8048.05; Cook County; Illinois",2399,110636,6820,0.949
"828","Census Tract 8048.06; Cook County; Illinois",1020,91875,3765,0.898
"829","Census Tract 8048.07; Cook County; Illinois",1877,98906,5547,0.951
"830","Census Tract 8048.08; Cook County; Illinois",945,133125,2768,0.924
"831","Census Tract 8048.09; Cook County; Illinois",1621,110219,4704,0.98
"832","Census Tract 8048.10; Cook County; Illinois",2759,83477,6377,0.88
"833","Census Tract 8049.01; Cook County; Illinois",2430,132232,6319,0.985
"834","Census Tract 8049.02; Cook County; Illinois",2246,123337,6173,0.93
"835","Census Tract 8050.01; Cook County; Illinois",1908,133456,4966,0.974
"836","Census Tract 8050.02; Cook County; Illinois",3068,71682,7434,0.832
"837","Census Tract 8051.05; Cook County; Illinois",2910,76679,7301,0.834
"838","Census Tract 8051.06; Cook County; Illinois",1323,77808,2856,0.932
"839","Census Tract 8051.07; Cook County; Illinois",3102,58354,6304,0.747
"840","Census Tract 8051.08; Cook County; Illinois",2605,73575,6375,0.852
"841","Census Tract 8051.09; Cook County; Illinois",1760,102727,4546,0.929
"842","Census Tract 8051.10; Cook County; Illinois",2004,99504,4360,0.953
"843","Census Tract 8051.11; Cook County; Illinois",3004,60470,8017,0.762
"844","Census Tract 8051.12; Cook County; Illinois",1125,73859,3312,0.867
"845","Census Tract 8052.01; Cook County; Illinois",1262,108800,3639,0.933
"846","Census Tract 8052.02; Cook County; Illinois",1589,97946,3865,0.957
"847","Census Tract 8053.01; Cook County; Illinois",1117,119196,3179,0.897
"848","Census Tract 8053.02; Cook County; Illinois",1365,103498,3896,0.913
"849","Census Tract 8054.01; Cook County; Illinois",1592,109500,4618,0.939
"850","Census Tract 8054.02; Cook County; Illinois",1707,99271,4907,0.97
"851","Census Tract 8055.01; Cook County; Illinois",1503,131979,3438,0.962
"852","Census Tract 8055.02; Cook County; Illinois",1764,151131,4321,0.987
"853","Census Tract 8056; Cook County; Illinois",1652,163182,4794,0.987
"854","Census Tract 8057.01; Cook County; Illinois",2121,157411,5361,0.958
"855","Census Tract 8057.02; Cook County; Illinois",719,145250,2036,0.955
"856","Census Tract 8058.01; Cook County; Illinois",1001,115469,2360,0.985
"857","Census Tract 8058.02; Cook County; Illinois",1942,142031,5435,0.987
"858","Census Tract 8059.01; Cook County; Illinois",2051,85516,4320,0.922
"859","Census Tract 8059.02; Cook County; Illinois",2202,144931,6066,0.953
"860","Census Tract 8060.01; Cook County; Illinois",2575,53893,5742,0.828
"861","Census Tract 8060.02; Cook County; Illinois",2477,67317,6947,0.845
"862","Census Tract 8060.04; Cook County; Illinois",3187,64832,8434,0.792
"863","Census Tract 8060.05; Cook County; Illinois",1068,100375,2713,0.9
"864","Census Tract 8060.06; Cook County; Illinois",1715,61329,4417,0.883
"865","Census Tract 8061.02; Cook County; Illinois",1583,108386,4219,0.959
"866","Census Tract 8061.03; Cook County; Illinois",1992,99701,5296,0.955
"867","Census Tract 8061.04; Cook County; Illinois",1785,50839,3863,0.72
"868","Census Tract 8062.01; Cook County; Illinois",2350,69325,5130,0.876
"869","Census Tract 8062.02; Cook County; Illinois",2533,73491,4939,0.9
"870","Census Tract 8063; Cook County; Illinois",1724,102292,4417,0.898
"871","Census Tract 8064; Cook County; Illinois",846,116628,2396,0.954
"872","Census Tract 8065.01; Cook County; Illinois",763,65750,2382,0.847
"873","Census Tract 8065.02; Cook County; Illinois",1458,72182,3973,0.901
"874","Census Tract 8066; Cook County; Illinois",1202,97708,3486,0.903
"875","Census Tract 8067; Cook County; Illinois",1678,114593,4266,0.994
"876","Census Tract 8068.01; Cook County; Illinois",1638,74004,4009,0.892
"877","Census Tract 8068.02; Cook County; Illinois",1089,109125,3293,0.861
"878","Census Tract 8069; Cook County; Illinois",2201,84438,5524,0.965
"879","Census Tract 8070; Cook County; Illinois",2074,56434,5111,0.931
"880","Census Tract 8071; Cook County; Illinois",1221,146719,3850,0.962
"881","Census Tract 8072; Cook County; Illinois",1930,97212,6056,0.926
"882","Census Tract 8073; Cook County; Illinois",2969,77307,8095,0.9
"883","Census Tract 8074; Cook County; Illinois",2373,91926,6932,0.953
"884","Census Tract 8075; Cook County; Illinois",1089,141411,3325,0.96
"885","Census Tract 8076; Cook County; Illinois",2173,101432,6319,0.912
"886","Census Tract 8077; Cook County; Illinois",2281,66984,6149,0.902
"887","Census Tract 8078; Cook County; Illinois",842,151538,2697,0.95
"888","Census Tract 8079; Cook County; Illinois",1411,108351,4342,0.974
"889","Census Tract 8080.01; Cook County; Illinois",1383,93958,3584,0.874
"890","Census Tract 8080.02; Cook County; Illinois",1875,87460,5241,0.943
"891","Census Tract 8081; Cook County; Illinois",1781,56131,3151,0.985
"892","Census Tract 8082; Cook County; Illinois",1842,84250,5806,0.92
"893","Census Tract 8083.01; Cook County; Illinois",2616,77500,6124,0.923
"894","Census Tract 8083.02; Cook County; Illinois",1816,74539,4699,0.951
"895","Census Tract 8084; Cook County; Illinois",1575,116096,4287,0.955
"896","Census Tract 8085; Cook County; Illinois",1475,128254,4334,0.956
"897","Census Tract 8086; Cook County; Illinois",857,156635,2288,0.995
"898","Census Tract 8087.02; Cook County; Illinois",461,56463,5244,0.923
"899","Census Tract 8088; Cook County; Illinois",1640,159500,3886,0.966
"900","Census Tract 8089; Cook County; Illinois",1733,183893,4121,0.977
"901","Census Tract 8090; Cook County; Illinois",1540,193500,3731,0.997
"902","Census Tract 8091; Cook County; Illinois",1552,107000,3214,0.981
"903","Census Tract 8092; Cook County; Illinois",1680,48839,4855,0.922
"904","Census Tract 8093; Cook County; Illinois",1939,43732,4688,0.993
"905","Census Tract 8094.01; Cook County; Illinois",1557,105231,2690,0.987
"906","Census Tract 8094.02; Cook County; Illinois",1415,67014,2713,0.996
"907","Census Tract 8095; Cook County; Illinois",2095,74538,4099,0.964
"908","Census Tract 8096; Cook County; Illinois",1371,76844,3226,0.969
"909","Census Tract 8097; Cook County; Illinois",1267,132875,3726,0.966
"910","Census Tract 8098; Cook County; Illinois",1036,76444,2593,0.98
"911","Census Tract 8099; Cook County; Illinois",1303,119476,2759,0.969
"912","Census Tract 8100; Cook County; Illinois",2762,120809,5349,0.974
"913","Census Tract 8101; Cook County; Illinois",1966,93056,4586,0.979
"914","Census Tract 8102; Cook County; Illinois",2785,71948,6699,0.863
"915","Census Tract 8103.01; Cook County; Illinois",1510,89390,4508,0.956
"916","Census Tract 8103.02; Cook County; Illinois",1288,116860,3229,0.923
"917","Census Tract 8104; Cook County; Illinois",2173,131419,5726,0.972
"918","Census Tract 8105.01; Cook County; Illinois",2051,78798,5103,0.944
"919","Census Tract 8105.02; Cook County; Illinois",2204,70781,5569,0.917
"920","Census Tract 8106; Cook County; Illinois",1840,66533,4783,0.924
"921","Census Tract 8107.01; Cook County; Illinois",1885,52331,4579,0.847
"922","Census Tract 8107.02; Cook County; Illinois",1455,59964,3866,0.898
"923","Census Tract 8108; Cook County; Illinois",1729,95197,5309,0.878
"924","Census Tract 8109; Cook County; Illinois",2614,53679,6324,0.928
"925","Census Tract 8110; Cook County; Illinois",1721,94743,4021,0.981
"926","Census Tract 8111; Cook County; Illinois",2493,66788,6876,0.942
"927","Census Tract 8112; Cook County; Illinois",1890,77912,5198,0.916
"928","Census Tract 8113.01; Cook County; Illinois",1411,68153,4302,0.802
"929","Census Tract 8113.02; Cook County; Illinois",1246,63035,3984,0.869
"930","Census Tract 8114.01; Cook County; Illinois",1414,85577,4849,0.871
"931","Census Tract 8114.02; Cook County; Illinois",1334,78167,4218,0.893
"932","Census Tract 8115; Cook County; Illinois",2016,77550,6210,0.811
"933","Census Tract 8116; Cook County; Illinois",2290,61162,5827,0.777
"934","Census Tract 8117.01; Cook County; Illinois",1058,70500,3491,0.794
"935","Census Tract 8117.02; Cook County; Illinois",1979,62679,5516,0.87
"936","Census Tract 8118; Cook County; Illinois",1787,95236,5309,0.926
"937","Census Tract 8119; Cook County; Illinois",1880,158833,6126,0.944
"938","Census Tract 8120; Cook County; Illinois",2461,138899,5442,0.989
"939","Census Tract 8121; Cook County; Illinois",1623,135234,4836,0.965
"940","Census Tract 8122; Cook County; Illinois",1302,225333,3695,0.977
"941","Census Tract 8123.01; Cook County; Illinois",3163,87476,5155,0.958
"942","Census Tract 8123.02; Cook County; Illinois",1111,125625,2676,0.967
"943","Census Tract 8124; Cook County; Illinois",1126,NA,3295,0.987
"944","Census Tract 8125; Cook County; Illinois",1633,71310,3423,0.954
"945","Census Tract 8126; Cook County; Illinois",1900,72269,3588,0.961
"946","Census Tract 8127; Cook County; Illinois",1589,88717,2981,0.978
"947","Census Tract 8128.01; Cook County; Illinois",1954,73375,3398,0.987
"948","Census Tract 8128.02; Cook County; Illinois",1264,83783,2826,0.933
"949","Census Tract 8129; Cook County; Illinois",1712,145625,4532,0.991
"950","Census Tract 8130; Cook County; Illinois",1462,144821,3828,0.974
"951","Census Tract 8131; Cook County; Illinois",1879,122014,4729,0.983
"952","Census Tract 8132; Cook County; Illinois",1627,131042,4570,0.972
"953","Census Tract 8133.01; Cook County; Illinois",997,48958,3292,0.698
"954","Census Tract 8133.02; Cook County; Illinois",941,51810,2893,0.685
"955","Census Tract 8134; Cook County; Illinois",1947,66799,8214,0.82
"956","Census Tract 8135; Cook County; Illinois",2049,73393,6270,0.855
"957","Census Tract 8136; Cook County; Illinois",1645,64849,5712,0.869
"958","Census Tract 8137.01; Cook County; Illinois",975,56311,2896,0.743
"959","Census Tract 8137.02; Cook County; Illinois",1291,69795,4719,0.856
"960","Census Tract 8138.01; Cook County; Illinois",998,47604,3282,0.746
"961","Census Tract 8138.02; Cook County; Illinois",1342,64464,4386,0.859
"962","Census Tract 8139; Cook County; Illinois",1778,66161,6482,0.806
"963","Census Tract 8140; Cook County; Illinois",1388,61552,4493,0.851
"964","Census Tract 8141; Cook County; Illinois",1380,47679,4793,0.76
"965","Census Tract 8142; Cook County; Illinois",2277,68380,8122,0.812
"966","Census Tract 8143; Cook County; Illinois",1578,52535,4740,0.761
"967","Census Tract 8144; Cook County; Illinois",2473,62481,7637,0.895
"968","Census Tract 8145; Cook County; Illinois",1541,90564,5443,0.888
"969","Census Tract 8146; Cook County; Illinois",1739,66680,5922,0.844
"970","Census Tract 8147; Cook County; Illinois",1678,87727,5071,0.906
"971","Census Tract 8148; Cook County; Illinois",2470,63677,6108,0.95
"972","Census Tract 8149; Cook County; Illinois",2701,56410,6566,0.906
"973","Census Tract 8150; Cook County; Illinois",1338,75429,3839,0.86
"974","Census Tract 8151; Cook County; Illinois",1523,81198,4801,0.856
"975","Census Tract 8152; Cook County; Illinois",2498,59895,7542,0.889
"976","Census Tract 8153; Cook County; Illinois",1343,95781,3538,0.941
"977","Census Tract 8154; Cook County; Illinois",2435,55347,5262,0.963
"978","Census Tract 8155; Cook County; Illinois",2179,91583,7817,0.904
"979","Census Tract 8156; Cook County; Illinois",2123,59338,5412,0.907
"980","Census Tract 8157.01; Cook County; Illinois",1412,148424,3835,0.99
"981","Census Tract 8157.02; Cook County; Illinois",2012,147813,5383,0.988
"982","Census Tract 8158; Cook County; Illinois",672,112667,1673,0.981
"983","Census Tract 8159; Cook County; Illinois",2858,71587,4756,0.946
"984","Census Tract 8160; Cook County; Illinois",1784,91458,3441,0.939
"985","Census Tract 8161; Cook County; Illinois",2686,63315,5742,0.932
"986","Census Tract 8162; Cook County; Illinois",1734,88622,4634,0.921
"987","Census Tract 8163; Cook County; Illinois",1563,69922,4848,0.89
"988","Census Tract 8164.01; Cook County; Illinois",1146,68818,3761,0.768
"989","Census Tract 8164.02; Cook County; Illinois",1357,57771,4952,0.755
"990","Census Tract 8165; Cook County; Illinois",1400,58202,4045,0.86
"991","Census Tract 8166; Cook County; Illinois",1164,74070,4370,0.732
"992","Census Tract 8167; Cook County; Illinois",1007,56016,2807,0.781
"993","Census Tract 8168; Cook County; Illinois",2049,78566,5536,0.956
"994","Census Tract 8169; Cook County; Illinois",1746,93947,5907,0.87
"995","Census Tract 8170; Cook County; Illinois",1622,68162,4895,0.936
"996","Census Tract 8171.01; Cook County; Illinois",1687,58542,4802,0.936
"997","Census Tract 8171.02; Cook County; Illinois",1056,58910,2920,0.93
"998","Census Tract 8172; Cook County; Illinois",1456,55473,4488,0.933
"999","Census Tract 8173; Cook County; Illinois",818,63558,2868,0.864
"1000","Census Tract 8174; Cook County; Illinois",1066,91638,3982,0.849
"1001","Census Tract 8175; Cook County; Illinois",1317,58925,3448,0.798
"1002","Census Tract 8176; Cook County; Illinois",1269,52589,3460,0.83
"1003","Census Tract 8177; Cook County; Illinois",1746,80211,5117,0.873
"1004","Census Tract 8179; Cook County; Illinois",2192,60404,5802,0.892
"1005","Census Tract 8180; Cook County; Illinois",1768,51794,4153,0.973
"1006","Census Tract 8181; Cook County; Illinois",919,121328,2253,0.983
"1007","Census Tract 8182; Cook County; Illinois",1963,99302,4655,0.978
"1008","Census Tract 8183; Cook County; Illinois",2014,74615,6259,0.923
"1009","Census Tract 8184.01; Cook County; Illinois",1362,67235,2995,0.941
"1010","Census Tract 8184.02; Cook County; Illinois",1631,88550,3198,0.982
"1011","Census Tract 8185; Cook County; Illinois",2379,105026,5593,0.999
"1012","Census Tract 8186; Cook County; Illinois",1943,105146,4764,0.968
"1013","Census Tract 8187; Cook County; Illinois",1540,114922,3871,0.95
"1014","Census Tract 8188; Cook County; Illinois",2118,111096,5395,0.992
"1015","Census Tract 8189; Cook County; Illinois",1919,103090,4489,0.991
"1016","Census Tract 8190; Cook County; Illinois",1496,169015,4522,0.991
"1017","Census Tract 8191; Cook County; Illinois",1893,47316,3990,0.896
"1018","Census Tract 8192; Cook County; Illinois",2100,80052,6690,0.838
"1019","Census Tract 8193; Cook County; Illinois",1047,89276,2700,0.978
"1020","Census Tract 8194; Cook County; Illinois",2356,77553,5643,0.94
"1021","Census Tract 8195; Cook County; Illinois",1493,92337,3367,0.944
"1022","Census Tract 8196; Cook County; Illinois",1391,200114,4015,0.998
"1023","Census Tract 8197; Cook County; Illinois",1794,171719,5743,0.995
"1024","Census Tract 8198.01; Cook County; Illinois",1606,206848,5161,0.989
"1025","Census Tract 8198.02; Cook County; Illinois",928,189667,2463,0.986
"1026","Census Tract 8199; Cook County; Illinois",1047,218906,3257,0.968
"1027","Census Tract 8200; Cook County; Illinois",676,NA,2161,0.955
"1028","Census Tract 8201.01; Cook County; Illinois",3369,131694,7651,0.973
"1029","Census Tract 8201.03; Cook County; Illinois",1730,86434,4152,0.918
"1030","Census Tract 8201.04; Cook County; Illinois",1829,78083,4466,0.931
"1031","Census Tract 8202.02; Cook County; Illinois",1394,73750,3291,0.861
"1032","Census Tract 8202.03; Cook County; Illinois",1306,136694,3696,1
"1033","Census Tract 8202.04; Cook County; Illinois",2210,109479,4332,0.903
"1034","Census Tract 8203; Cook County; Illinois",1751,55845,5771,0.782
"1035","Census Tract 8204; Cook County; Illinois",1849,49598,5251,0.844
"1036","Census Tract 8205.01; Cook County; Illinois",1955,68837,5286,0.846
"1037","Census Tract 8205.02; Cook County; Illinois",2181,56037,5296,0.905
"1038","Census Tract 8206.03; Cook County; Illinois",1845,65922,5255,0.91
"1039","Census Tract 8206.04; Cook County; Illinois",1278,47577,3546,0.872
"1040","Census Tract 8206.05; Cook County; Illinois",1925,56250,5617,0.837
"1041","Census Tract 8206.06; Cook County; Illinois",1722,96304,3975,0.962
"1042","Census Tract 8207; Cook County; Illinois",2392,67067,6987,0.937
"1043","Census Tract 8208; Cook County; Illinois",1027,83495,3431,0.934
"1044","Census Tract 8209.01; Cook County; Illinois",1696,73603,5010,0.875
"1045","Census Tract 8209.02; Cook County; Illinois",1768,103846,6142,0.866
"1046","Census Tract 8210.01; Cook County; Illinois",1649,61853,4872,0.847
"1047","Census Tract 8210.02; Cook County; Illinois",1834,65513,5078,0.894
"1048","Census Tract 8211.01; Cook County; Illinois",1468,81912,4768,0.926
"1049","Census Tract 8211.02; Cook County; Illinois",1538,81139,4589,0.931
"1050","Census Tract 8212; Cook County; Illinois",2355,38880,5323,0.88
"1051","Census Tract 8213; Cook County; Illinois",2301,51806,5852,0.895
"1052","Census Tract 8214.01; Cook County; Illinois",998,51310,2722,0.931
"1053","Census Tract 8214.02; Cook County; Illinois",1232,66522,3375,0.977
"1054","Census Tract 8215; Cook County; Illinois",523,28173,1266,0.911
"1055","Census Tract 8216; Cook County; Illinois",1804,79395,4269,0.963
"1056","Census Tract 8217; Cook County; Illinois",1782,96607,4800,0.947
"1057","Census Tract 8218; Cook County; Illinois",2049,88024,5235,0.945
"1058","Census Tract 8219; Cook County; Illinois",1814,100179,5292,0.961
"1059","Census Tract 8220; Cook County; Illinois",1907,56841,4290,0.922
"1060","Census Tract 8221.01; Cook County; Illinois",1549,78059,4565,0.898
"1061","Census Tract 8221.02; Cook County; Illinois",1966,56963,4595,0.92
"1062","Census Tract 8222; Cook County; Illinois",1301,86299,3805,0.945
"1063","Census Tract 8223.01; Cook County; Illinois",1186,101413,3664,0.94
"1064","Census Tract 8223.02; Cook County; Illinois",1646,77557,4260,0.841
"1065","Census Tract 8224; Cook County; Illinois",1993,56231,6012,0.902
"1066","Census Tract 8225; Cook County; Illinois",1719,89177,4220,0.966
"1067","Census Tract 8226.01; Cook County; Illinois",1609,94943,4545,0.958
"1068","Census Tract 8226.02; Cook County; Illinois",3204,64345,7777,0.904
"1069","Census Tract 8227.01; Cook County; Illinois",2010,69833,4905,0.907
"1070","Census Tract 8227.02; Cook County; Illinois",1441,67865,3364,0.895
"1071","Census Tract 8228.01; Cook County; Illinois",1445,85855,3116,0.985
"1072","Census Tract 8228.02; Cook County; Illinois",1294,104643,3651,0.973
"1073","Census Tract 8229; Cook County; Illinois",827,72540,2084,0.842
"1074","Census Tract 8230.01; Cook County; Illinois",2657,66059,6889,0.858
"1075","Census Tract 8230.02; Cook County; Illinois",1945,75979,5196,0.9
"1076","Census Tract 8231.01; Cook County; Illinois",1706,53039,4317,0.835
"1077","Census Tract 8231.02; Cook County; Illinois",1509,67679,3771,0.868
"1078","Census Tract 8232; Cook County; Illinois",1847,72196,4741,0.944
"1079","Census Tract 8233.02; Cook County; Illinois",2541,51951,5699,0.89
"1080","Census Tract 8233.03; Cook County; Illinois",1654,80500,4255,0.935
"1081","Census Tract 8233.04; Cook County; Illinois",2684,55948,6282,0.94
"1082","Census Tract 8234; Cook County; Illinois",1867,62517,4646,0.866
"1083","Census Tract 8235; Cook County; Illinois",1503,68355,4402,0.881
"1084","Census Tract 8236.02; Cook County; Illinois",2836,81772,5867,0.928
"1085","Census Tract 8236.03; Cook County; Illinois",548,69881,2292,0.809
"1086","Census Tract 8236.04; Cook County; Illinois",1183,113073,3281,0.983
"1087","Census Tract 8236.05; Cook County; Illinois",1417,99299,3946,0.95
"1088","Census Tract 8237.02; Cook County; Illinois",2537,79981,5805,0.94
"1089","Census Tract 8237.03; Cook County; Illinois",3040,67681,9197,0.881
"1090","Census Tract 8237.04; Cook County; Illinois",1417,101282,4058,0.946
"1091","Census Tract 8237.05; Cook County; Illinois",1665,78185,4704,0.838
"1092","Census Tract 8238.01; Cook County; Illinois",2086,116797,5376,0.96
"1093","Census Tract 8238.03; Cook County; Illinois",2566,85109,7046,0.921
"1094","Census Tract 8238.05; Cook County; Illinois",1483,69096,3030,0.937
"1095","Census Tract 8238.06; Cook County; Illinois",1785,60241,4203,0.818
"1096","Census Tract 8239.01; Cook County; Illinois",1644,120227,3916,0.962
"1097","Census Tract 8239.03; Cook County; Illinois",1746,124348,4368,0.97
"1098","Census Tract 8239.04; Cook County; Illinois",1667,107052,3961,0.989
"1099","Census Tract 8240.03; Cook County; Illinois",2062,111438,5862,0.982
"1100","Census Tract 8240.04; Cook County; Illinois",1948,104620,4572,0.992
"1101","Census Tract 8240.05; Cook County; Illinois",1993,141287,5749,0.969
"1102","Census Tract 8240.06; Cook County; Illinois",1964,150469,6013,0.991
"1103","Census Tract 8241.05; Cook County; Illinois",2778,115000,7423,0.958
"1104","Census Tract 8241.06; Cook County; Illinois",2348,104886,6534,0.909
"1105","Census Tract 8241.07; Cook County; Illinois",2750,94178,7430,0.971
"1106","Census Tract 8241.13; Cook County; Illinois",2434,114318,6703,0.939
"1107","Census Tract 8241.14; Cook County; Illinois",1875,143071,5223,0.993
"1108","Census Tract 8241.15; Cook County; Illinois",1556,70179,3881,0.963
"1109","Census Tract 8241.16; Cook County; Illinois",2317,74060,5365,0.943
"1110","Census Tract 8241.19; Cook County; Illinois",2238,103354,5332,0.997
"1111","Census Tract 8241.21; Cook County; Illinois",1258,93380,3105,0.979
"1112","Census Tract 8241.22; Cook County; Illinois",2274,125690,5935,0.989
"1113","Census Tract 8241.23; Cook County; Illinois",2815,97852,7648,0.967
"1114","Census Tract 8241.24; Cook County; Illinois",1157,65250,2872,0.924
"1115","Census Tract 8241.25; Cook County; Illinois",1464,117917,4443,0.974
"1116","Census Tract 8241.26; Cook County; Illinois",1984,168194,5416,0.952
"1117","Census Tract 8241.27; Cook County; Illinois",1444,116087,4001,0.968
"1118","Census Tract 8241.28; Cook County; Illinois",1714,97778,4445,0.964
"1119","Census Tract 8241.29; Cook County; Illinois",1653,95953,3926,0.956
"1120","Census Tract 8243; Cook County; Illinois",1404,59423,4736,0.869
"1121","Census Tract 8244; Cook County; Illinois",686,43750,1559,0.886
"1122","Census Tract 8245.03; Cook County; Illinois",2792,79948,6135,0.946
"1123","Census Tract 8245.05; Cook County; Illinois",2474,73739,6484,0.963
"1124","Census Tract 8245.07; Cook County; Illinois",1706,88889,3650,0.993
"1125","Census Tract 8245.08; Cook County; Illinois",1586,69857,3178,0.939
"1126","Census Tract 8245.09; Cook County; Illinois",1525,116310,5104,0.957
"1127","Census Tract 8246.01; Cook County; Illinois",1593,88598,4207,0.905
"1128","Census Tract 8246.02; Cook County; Illinois",2483,86560,6591,0.95
"1129","Census Tract 8247.01; Cook County; Illinois",1493,51458,3532,0.958
"1130","Census Tract 8247.02; Cook County; Illinois",2339,59918,5443,0.902
"1131","Census Tract 8248; Cook County; Illinois",2092,58312,7103,0.903
"1132","Census Tract 8249; Cook County; Illinois",1077,46458,2952,0.904
"1133","Census Tract 8250; Cook County; Illinois",1889,69591,4392,0.898
"1134","Census Tract 8252; Cook County; Illinois",738,83846,1907,0.915
"1135","Census Tract 8253.02; Cook County; Illinois",2110,101429,5472,0.972
"1136","Census Tract 8253.03; Cook County; Illinois",1608,78814,3995,0.882
"1137","Census Tract 8253.04; Cook County; Illinois",1631,92039,4181,0.933
"1138","Census Tract 8254; Cook County; Illinois",2438,91881,5489,0.97
"1139","Census Tract 8255.01; Cook County; Illinois",1827,63603,5422,0.943
"1140","Census Tract 8255.03; Cook County; Illinois",2549,63104,7556,0.907
"1141","Census Tract 8255.04; Cook County; Illinois",1229,64360,3197,0.933
"1142","Census Tract 8255.05; Cook County; Illinois",1637,69785,5143,0.89
"1143","Census Tract 8256; Cook County; Illinois",1624,52734,5332,0.91
"1144","Census Tract 8257; Cook County; Illinois",1522,53397,3761,0.865
"1145","Census Tract 8258.01; Cook County; Illinois",1518,41100,3448,0.933
"1146","Census Tract 8258.02; Cook County; Illinois",2359,70346,7239,0.943
"1147","Census Tract 8258.03; Cook County; Illinois",2528,63966,5761,0.888
"1148","Census Tract 8259; Cook County; Illinois",1102,60833,3442,0.872
"1149","Census Tract 8260; Cook County; Illinois",1001,60668,2724,0.832
"1150","Census Tract 8261; Cook County; Illinois",2036,50918,4698,0.804
"1151","Census Tract 8262.01; Cook County; Illinois",2209,41614,3636,0.925
"1152","Census Tract 8262.02; Cook County; Illinois",1924,59767,5662,0.939
"1153","Census Tract 8263.01; Cook County; Illinois",1496,65679,4365,0.801
"1154","Census Tract 8263.03; Cook County; Illinois",1252,77151,3646,0.936
"1155","Census Tract 8263.04; Cook County; Illinois",1356,50000,2947,0.942
"1156","Census Tract 8264.01; Cook County; Illinois",1279,52043,3295,0.846
"1157","Census Tract 8264.02; Cook County; Illinois",1853,49803,5024,0.888
"1158","Census Tract 8265; Cook County; Illinois",2110,53235,5599,0.957
"1159","Census Tract 8266; Cook County; Illinois",1561,41411,4872,0.89
"1160","Census Tract 8267; Cook County; Illinois",1719,48014,4383,0.925
"1161","Census Tract 8268; Cook County; Illinois",1579,57702,4942,0.811
"1162","Census Tract 8269.01; Cook County; Illinois",655,30215,1728,0.844
"1163","Census Tract 8269.02; Cook County; Illinois",412,39808,1467,0.808
"1164","Census Tract 8270; Cook County; Illinois",1241,43569,3399,0.883
"1165","Census Tract 8271; Cook County; Illinois",855,34882,1999,0.857
"1166","Census Tract 8272; Cook County; Illinois",1390,55116,3571,0.853
"1167","Census Tract 8273; Cook County; Illinois",833,30547,2363,0.907
"1168","Census Tract 8274; Cook County; Illinois",1155,35030,2570,0.938
"1169","Census Tract 8275; Cook County; Illinois",1420,63619,4389,0.887
"1170","Census Tract 8276; Cook County; Illinois",923,38803,2884,0.958
"1171","Census Tract 8277; Cook County; Illinois",905,47574,2652,0.96
"1172","Census Tract 8278.01; Cook County; Illinois",1686,76717,4680,0.929
"1173","Census Tract 8278.02; Cook County; Illinois",1006,90246,3064,0.937
"1174","Census Tract 8278.04; Cook County; Illinois",1296,65238,3037,0.954
"1175","Census Tract 8278.05; Cook County; Illinois",1013,84250,2645,0.99
"1176","Census Tract 8279.01; Cook County; Illinois",754,103958,1771,0.926
"1177","Census Tract 8279.02; Cook County; Illinois",1598,59826,4331,0.903
"1178","Census Tract 8280; Cook County; Illinois",2044,65227,5041,0.89
"1179","Census Tract 8281; Cook County; Illinois",2061,65190,5388,0.916
"1180","Census Tract 8282.01; Cook County; Illinois",1545,66514,3492,0.965
"1181","Census Tract 8282.02; Cook County; Illinois",1923,62917,5310,0.866
"1182","Census Tract 8283; Cook County; Illinois",1415,55375,3062,0.868
"1183","Census Tract 8284.01; Cook County; Illinois",1334,77143,3748,0.925
"1184","Census Tract 8284.02; Cook County; Illinois",1509,52768,3401,0.952
"1185","Census Tract 8285.03; Cook County; Illinois",1406,53438,4274,0.834
"1186","Census Tract 8285.04; Cook County; Illinois",1650,49692,5407,0.959
"1187","Census Tract 8285.05; Cook County; Illinois",2752,97463,7217,0.957
"1188","Census Tract 8285.07; Cook County; Illinois",1336,81611,4164,0.93
"1189","Census Tract 8285.08; Cook County; Illinois",1713,47321,4095,0.996
"1190","Census Tract 8286.01; Cook County; Illinois",1677,96006,4391,0.963
"1191","Census Tract 8286.02; Cook County; Illinois",1426,101371,4139,0.975
"1192","Census Tract 8287.01; Cook County; Illinois",1385,68785,4399,0.922
"1193","Census Tract 8287.02; Cook County; Illinois",1448,69342,3829,0.902
"1194","Census Tract 8288.01; Cook County; Illinois",1711,112774,4762,0.955
"1195","Census Tract 8288.02; Cook County; Illinois",1084,76591,3252,0.956
"1196","Census Tract 8289; Cook County; Illinois",1228,57174,3724,0.851
"1197","Census Tract 8290; Cook County; Illinois",330,30610,1034,0.911
"1198","Census Tract 8291; Cook County; Illinois",1210,38077,3382,0.891
"1199","Census Tract 8292; Cook County; Illinois",1846,53368,5623,0.884
"1200","Census Tract 8293.01; Cook County; Illinois",1374,82128,4080,0.873
"1201","Census Tract 8293.02; Cook County; Illinois",1002,60153,3089,0.813
"1202","Census Tract 8294.01; Cook County; Illinois",317,51161,927,0.915
"1203","Census Tract 8294.02; Cook County; Illinois",1263,58244,3089,0.92
"1204","Census Tract 8295; Cook County; Illinois",1590,52115,3912,0.846
"1205","Census Tract 8296; Cook County; Illinois",1199,60878,3016,0.902
"1206","Census Tract 8297; Cook County; Illinois",957,54145,2904,0.906
"1207","Census Tract 8298; Cook County; Illinois",2381,135212,6613,0.964
"1208","Census Tract 8299.02; Cook County; Illinois",2563,90071,7171,0.946
"1209","Census Tract 8299.03; Cook County; Illinois",1333,80795,4068,0.984
"1210","Census Tract 8299.04; Cook County; Illinois",2047,80810,4166,0.987
"1211","Census Tract 8300.01; Cook County; Illinois",1149,45331,2202,0.905
"1212","Census Tract 8300.03; Cook County; Illinois",2856,115250,8195,0.972
"1213","Census Tract 8300.04; Cook County; Illinois",2515,105768,6777,0.924
"1214","Census Tract 8300.05; Cook County; Illinois",1590,77589,3606,0.979
"1215","Census Tract 8300.06; Cook County; Illinois",1254,NA,2644,0.97
"1216","Census Tract 8300.07; Cook County; Illinois",1927,56836,4797,0.977
"1217","Census Tract 8300.08; Cook County; Illinois",1454,108780,4234,0.96
"1218","Census Tract 8301; Cook County; Illinois",1005,78229,3199,0.943
"1219","Census Tract 8302.01; Cook County; Illinois",2222,40403,4678,0.912
"1220","Census Tract 8302.02; Cook County; Illinois",1112,86064,3718,0.92
"1221","Census Tract 8303; Cook County; Illinois",2181,39488,5057,0.914
"1222","Census Tract 8304; Cook County; Illinois",1597,59036,3778,0.967
"1223","Census Tract 8305; Cook County; Illinois",1161,59116,3948,0.822
"1224","Census Tract 8306; Cook County; Illinois",2108,59364,4781,0.781
"1225","Census Tract 8307; Cook County; Illinois",2015,64330,4249,0.874
"1226","Census Tract 8308; Cook County; Illinois",1528,75500,2415,0.959
"1227","Census Tract 8309; Cook County; Illinois",1303,121813,2957,0.973
"1228","Census Tract 8310; Cook County; Illinois",1076,177500,2224,0.996
"1229","Census Tract 8311; Cook County; Illinois",2745,96318,7191,0.781
"1230","Census Tract 8312; Cook County; Illinois",1502,55326,4710,0.855
"1231","Census Tract 8313; Cook County; Illinois",399,43144,1176,0.769
"1232","Census Tract 8314; Cook County; Illinois",1075,33210,2725,0.799
"1233","Census Tract 8315; Cook County; Illinois",1407,76914,3859,0.83
"1234","Census Tract 8316; Cook County; Illinois",2567,63839,7221,0.939
"1235","Census Tract 8317; Cook County; Illinois",951,44653,2224,0.906
"1236","Census Tract 8318; Cook County; Illinois",2557,80471,7918,0.896
"1237","Census Tract 8319; Cook County; Illinois",1484,125139,3074,0.984
"1238","Census Tract 8320; Cook County; Illinois",1007,128828,1701,0.975
"1239","Census Tract 8321; Cook County; Illinois",1809,79985,3592,0.891
"1240","Census Tract 8322; Cook County; Illinois",1624,150682,3216,0.945
"1241","Census Tract 8323; Cook County; Illinois",1023,119886,1938,0.949
"1242","Census Tract 8324; Cook County; Illinois",1647,132226,3558,0.942
"1243","Census Tract 8325; Cook County; Illinois",1438,142500,3208,0.976
"1244","Census Tract 8326; Cook County; Illinois",1722,201563,4348,0.979
"1245","Census Tract 8329; Cook County; Illinois",764,75878,2092,0.951
"1246","Census Tract 8330; Cook County; Illinois",2576,192608,4677,0.989
"1247","Census Tract 8331; Cook County; Illinois",4720,160114,8382,0.974
"1248","Census Tract 8333; Cook County; Illinois",1215,85096,2667,0.989
"1249","Census Tract 8339; Cook County; Illinois",763,39602,2696,0.872
"1250","Census Tract 8340; Cook County; Illinois",1118,39194,3274,0.923
"1251","Census Tract 8342; Cook County; Illinois",2132,57270,5689,0.938
"1252","Census Tract 8343; Cook County; Illinois",2583,52973,6186,0.874
"1253","Census Tract 8344; Cook County; Illinois",1912,33768,4263,0.937
"1254","Census Tract 8345; Cook County; Illinois",516,48393,1572,0.899
"1255","Census Tract 8346; Cook County; Illinois",788,26304,1825,0.963
"1256","Census Tract 8347; Cook County; Illinois",642,34250,1344,0.841
"1257","Census Tract 8348; Cook County; Illinois",731,20771,1683,0.787
"1258","Census Tract 8349; Cook County; Illinois",612,18500,905,0.923
"1259","Census Tract 8350; Cook County; Illinois",1980,33857,5549,0.846
"1260","Census Tract 8351; Cook County; Illinois",1332,47049,4666,0.787
"1261","Census Tract 8352; Cook County; Illinois",657,79875,2276,0.848
"1262","Census Tract 8355; Cook County; Illinois",699,18304,1393,0.962
"1263","Census Tract 8356; Cook County; Illinois",420,13438,749,1
"1264","Census Tract 8358; Cook County; Illinois",798,79868,1852,0.932
"1265","Census Tract 8360; Cook County; Illinois",1126,77292,3022,0.957
"1266","Census Tract 8361; Cook County; Illinois",782,20948,1827,0.935
"1267","Census Tract 8362; Cook County; Illinois",107,146250,1615,0.969
"1268","Census Tract 8363; Cook County; Illinois",688,64722,1744,0.942
"1269","Census Tract 8364; Cook County; Illinois",1891,24764,3783,0.947
"1270","Census Tract 8365; Cook County; Illinois",779,30944,1522,0.97
"1271","Census Tract 8366; Cook County; Illinois",969,80763,2261,0.976
"1272","Census Tract 8367; Cook County; Illinois",1033,51434,2507,0.954
"1273","Census Tract 8368; Cook County; Illinois",949,19453,2635,0.8
"1274","Census Tract 8369; Cook County; Illinois",609,25650,1994,0.83
"1275","Census Tract 8370; Cook County; Illinois",815,41023,1843,0.804
"1276","Census Tract 8371; Cook County; Illinois",691,48880,1515,0.944
"1277","Census Tract 8373; Cook County; Illinois",919,18949,2276,0.912
"1278","Census Tract 8374; Cook County; Illinois",744,51250,2186,0.956
"1279","Census Tract 8378; Cook County; Illinois",1243,58681,2836,0.97
"1280","Census Tract 8380; Cook County; Illinois",1423,26673,2671,0.967
"1281","Census Tract 8381; Cook County; Illinois",1066,26000,1501,0.911
"1282","Census Tract 8382; Cook County; Illinois",372,83929,1662,0.987
"1283","Census Tract 8383; Cook County; Illinois",1414,112381,2404,0.975
"1284","Census Tract 8386; Cook County; Illinois",613,18537,1369,0.942
"1285","Census Tract 8387; Cook County; Illinois",1565,21834,3737,0.829
"1286","Census Tract 8388; Cook County; Illinois",1132,29120,3225,0.888
"1287","Census Tract 8390; Cook County; Illinois",6110,110306,10190,0.976
"1288","Census Tract 8391; Cook County; Illinois",4727,122978,7587,0.961
"1289","Census Tract 8392; Cook County; Illinois",1476,43090,2375,0.948
"1290","Census Tract 8395; Cook County; Illinois",794,NA,1804,0.952
"1291","Census Tract 8396; Cook County; Illinois",982,65062,1965,0.934
"1292","Census Tract 8397; Cook County; Illinois",1933,83498,4753,0.926
"1293","Census Tract 8398; Cook County; Illinois",1121,77560,2662,0.908
"1294","Census Tract 8399; Cook County; Illinois",2099,100217,4558,0.978
"1295","Census Tract 8400; Cook County; Illinois",1067,105481,2651,0.959
"1296","Census Tract 8401; Cook County; Illinois",1148,66765,2880,0.933
"1297","Census Tract 8402; Cook County; Illinois",827,41359,2192,0.919
"1298","Census Tract 8403; Cook County; Illinois",1258,65909,3646,0.875
"1299","Census Tract 8404; Cook County; Illinois",1168,71667,3434,0.847
"1300","Census Tract 8407; Cook County; Illinois",1256,97727,3930,0.882
"1301","Census Tract 8408; Cook County; Illinois",932,45326,3258,0.85
"1302","Census Tract 8410; Cook County; Illinois",665,103750,1148,0.992
"1303","Census Tract 8411; Cook County; Illinois",2838,48542,6990,0.91
"1304","Census Tract 8412; Cook County; Illinois",1727,60498,4414,0.904
"1305","Census Tract 8413; Cook County; Illinois",1916,79744,4317,0.916
"1306","Census Tract 8415; Cook County; Illinois",785,26950,1909,0.931
"1307","Census Tract 8417; Cook County; Illinois",600,24663,1137,0.813
"1308","Census Tract 8418; Cook County; Illinois",894,45294,2325,0.923
"1309","Census Tract 8419; Cook County; Illinois",1592,131803,5983,0.962
"1310","Census Tract 8420; Cook County; Illinois",357,116875,2156,0.917
"1311","Census Tract 8421; Cook County; Illinois",2064,50907,7105,0.69
"1312","Census Tract 8422; Cook County; Illinois",2351,102036,3602,0.984
"1313","Census Tract 8423; Cook County; Illinois",1703,167407,3660,0.954
"1314","Census Tract 8424; Cook County; Illinois",1473,72616,3167,0.888
"1315","Census Tract 8425; Cook County; Illinois",930,27955,2449,0.898
"1316","Census Tract 8426; Cook County; Illinois",1551,90521,4540,0.909
"1317","Census Tract 8428; Cook County; Illinois",2047,49020,6069,0.829
"1318","Census Tract 8429; Cook County; Illinois",1445,19304,3216,0.815
"1319","Census Tract 8430; Cook County; Illinois",1022,23587,2396,0.902
"1320","Census Tract 8431; Cook County; Illinois",481,46659,1564,0.836
"1321","Census Tract 8432; Cook County; Illinois",1015,66172,2348,0.856
"1322","Census Tract 8433; Cook County; Illinois",393,41250,1525,0.899
"1323","Census Tract 8434; Cook County; Illinois",490,32404,1209,0.844
"1324","Census Tract 8435; Cook County; Illinois",257,52875,820,0.904
"1325","Census Tract 8436; Cook County; Illinois",1478,55250,2966,0.897
"1326","Census Tract 8437; Cook County; Illinois",1017,191384,2453,0.974
"1327","Census Tract 8438; Cook County; Illinois",719,32095,1479,0.909
"1328","Census Tract 8439; Cook County; Illinois",2201,56926,3700,0.91
"1329","Census Tract 8446; Cook County; Illinois",828,54565,2093,0.927
"1330","Census Tract 8447; Cook County; Illinois",647,51298,1753,0.78
"1331","Census Tract 9800; Cook County; Illinois",0,NA,0,NA
"1332","Census Tract 9801; Cook County; Illinois",0,NA,0,NA
"1333","Census Tract 9900; Cook County; Illinois",0,NA,0,NA
